Plate_2BOANAYR88,,,,,,,,,,,,,,,
Sample,Assay,Well,Spot,Dilution,Concentration,Signal,Adjusted Signal,Mean,Adj. Sig. Mean,CV,% Recovery,% Recovery Mean,Calc. Concentration,Calc. Conc. Mean,Calc. Conc. CV
S001,GM-CSF,A01,1,,4620,1820791,1820791,1825074,1825073.5,0.331842503,84.327092,84.95089091,3895.91165,3924.73116,1.038464538
S001,GM-CSF,A12,1,,4620,1829356,1829356,1825074,1825073.5,0.331842503,85.57468982,84.95089091,3953.55067,3924.73116,1.038464538
S001,IFN-γ,A01,2,,16050,1019230,1019230,994959,994959,3.449828322,105.9596366,103.5318723,17006.52167,16616.8655,3.316251421
S001,IFN-γ,A12,2,,16050,970688,970688,994959,994959,3.449828322,101.104108,103.5318723,16227.20933,16616.8655,3.316251421
S001,IL-10,A01,8,,2015,932337,932337,920464,920463.5,1.824261878,104.6544687,101.6541735,2108.787545,2048.331597,4.174012751
S001,IL-10,A12,8,,2015,908590,908590,920464,920463.5,1.824261878,98.65387833,101.6541735,1987.875648,2048.331597,4.174012751
S001,IL-1β,A01,3,,2220,1622160,1622160,1631927,1631927,0.846399616,109.987413,111.6006234,2441.720568,2477.53384,2.044275406
S001,IL-1β,A12,3,,2220,1641694,1641694,1631927,1631927,0.846399616,113.2138339,111.6006234,2513.347112,2477.53384,2.044275406
S001,IL-2,A01,4,,945,226460,226460,214853,214852.5,7.640350438,106.2776965,100.8318005,1004.324232,952.8605149,7.638126052
S001,IL-2,A12,4,,945,203245,203245,214853,214852.5,7.640350438,95.38590449,100.8318005,901.3967974,952.8605149,7.638126052
S001,IL-4,A01,5,,825,1397651,1397651,1375998,1375997.5,2.225489027,101.8797248,99.242618,840.5077294,818.7515985,3.757893773
S001,IL-4,A12,5,,825,1354344,1354344,1375998,1375997.5,2.225489027,96.60551123,99.242618,796.9954677,818.7515985,3.757893773
S001,IL-5,A01,6,,2140,1101492,1101492,1087268,1087268,1.850121011,101.5394541,99.88944713,2172.944319,2137.634168,2.336044869
S001,IL-5,A12,6,,2140,1073044,1073044,1087268,1087268,1.850121011,98.23944011,99.88944713,2102.324018,2137.634168,2.336044869
S001,IL-6,A01,7,,1040,609466,609466,591333,591333,4.336631733,107.0743012,104.0203102,1113.572732,1081.811226,4.152069383
S001,IL-6,A12,7,,1040,573200,573200,591333,591333,4.336631733,100.9663192,104.0203102,1050.04972,1081.811226,4.152069383
S001,MCP-1,A01,9,,2700,1105750,1105750,1036426,1036426,9.459328596,129.8471833,104.459566,3505.873949,2820.408282,34.3707274
S001,MCP-1,A12,9,,2700,967102,967102,1036426,1036426,9.459328596,79.07194872,104.459566,2134.942615,2820.408282,34.3707274
S001,TNF-α,A01,10,,1355,1115759,1115759,1114625,1114625,0.143879617,100.0809167,99.95587149,1356.096422,1354.402059,0.176918744
S001,TNF-α,A12,10,,1355,1113491,1113491,1114625,1114625,0.143879617,99.83082625,99.95587149,1352.707696,1354.402059,0.176918744
S002,GM-CSF,B01,1,,1155,1219798,1219798,1179852,1179851.5,4.788134953,134.8584185,127.3582184,1557.614734,1470.987422,8.32838661
S002,GM-CSF,B12,1,,1155,1139905,1139905,1179852,1179851.5,4.788134953,119.8580182,127.3582184,1384.36011,1470.987422,8.32838661
S002,IFN-γ,B01,2,,4012.5,226088,226088,218411,218411,4.970865716,99.68727766,96.42928263,3999.952016,3869.224966,4.778113686
S002,IFN-γ,B12,2,,4012.5,210734,210734,218411,218411,4.970865716,93.17128761,96.42928263,3738.497915,3869.224966,4.778113686
S002,IL-10,B01,8,,503.75,391109,391109,384493,384493,2.433447925,99.69885121,97.5179679,502.232963,491.2467633,3.162734844
S002,IL-10,B12,8,,503.75,377877,377877,384493,384493,2.433447925,95.33708459,97.5179679,480.2605636,491.2467633,3.162734844
S002,IL-1β,B01,3,,555,596368,596368,583478,583477.5,3.124356968,92.08077628,89.73780005,511.0483084,498.0447903,3.692389115
S002,IL-1β,B12,3,,555,570587,570587,583478,583477.5,3.124356968,87.39482382,89.73780005,485.0412722,498.0447903,3.692389115
S002,IL-2,B01,4,,236.25,54705,54705,52069,52068.5,7.160901615,102.8881481,97.93397981,243.0732499,231.3690273,7.154056217
S002,IL-2,B12,4,,236.25,49432,49432,52069,52068.5,7.160901615,92.97981153,97.93397981,219.6648047,231.3690273,7.154056217
S002,IL-4,B01,5,,206.25,550968,550968,498956,498955.5,14.74215294,115.1610005,102.9879905,237.5195636,212.4127304,16.71577021
S002,IL-4,B12,5,,206.25,446943,446943,498956,498955.5,14.74215294,90.81498051,102.9879905,187.3058973,212.4127304,16.71577021
S002,IL-5,B01,6,,535,335001,335001,325374,325373.5,4.184526728,103.0546488,99.86153565,551.3423711,534.2592157,4.52200529
S002,IL-5,B12,6,,535,315746,315746,325374,325373.5,4.184526728,96.6684225,99.86153565,517.1760604,534.2592157,4.52200529
S002,IL-6,B01,7,,260,140515,140515,135371,135370.5,5.374451355,105.1567544,101.465649,273.4075614,263.8106875,5.144609336
S002,IL-6,B12,7,,260,130226,130226,135371,135370.5,5.374451355,97.77454367,101.465649,254.2138135,263.8106875,5.144609336
S002,MCP-1,B01,9,,675,546689,546689,512773,512773,9.353937743,109.0376293,100.4950677,736.0039976,678.341707,12.0214919
S002,MCP-1,B12,9,,675,478857,478857,512773,512773,9.353937743,91.95250613,100.4950677,620.6794164,678.341707,12.0214919
S002,TNF-α,B01,10,,338.75,331089,331089,323411,323411,3.357440449,102.1157388,99.61091563,345.9170652,337.4319767,3.556191468
S002,TNF-α,B12,10,,338.75,315733,315733,323411,323411,3.357440449,97.10609247,99.61091563,328.9468883,337.4319767,3.556191468
S003,GM-CSF,C01,1,,288.75,341497,341497,328718,328717.5,5.498016449,99.74291608,95.65881175,288.0076702,276.2148189,6.037912893
S003,GM-CSF,C12,1,,288.75,315938,315938,328718,328717.5,5.498016449,91.57470743,95.65881175,264.4219677,276.2148189,6.037912893
S003,IFN-γ,C01,2,,1003.125,54630,54630,53351,53350.5,3.391695023,101.723468,99.42734435,1020.413539,997.380548,3.265911701
S003,IFN-γ,C12,2,,1003.125,52071,52071,53351,53350.5,3.391695023,97.13122065,99.42734435,974.3475572,997.380548,3.265911701
S003,IL-10,C01,8,,125.9375,123989,123989,119509,119508.5,5.302036145,104.9747761,100.9196336,132.2026087,127.0956635,5.682578642
S003,IL-10,C12,8,,125.9375,115028,115028,119509,119508.5,5.302036145,96.86449107,100.9196336,121.9887184,127.0956635,5.682578642
S003,IL-1β,C01,3,,138.75,168952,168952,169663,169663,0.592648864,96.81944261,97.22041052,134.3369766,134.8933196,0.583266673
S003,IL-1β,C12,3,,138.75,170374,170374,169663,169663,0.592648864,97.62137843,97.22041052,135.4496626,134.8933196,0.583266673
S003,IL-2,C01,4,,59.0625,14411,14411,13837,13837,5.866579351,108.0660427,103.7245673,63.82650649,61.26232256,5.91930494
S003,IL-2,C12,4,,59.0625,13263,13263,13837,13837,5.866579351,99.38309187,103.7245673,58.69813864,61.26232256,5.91930494
S003,IL-4,C01,5,,51.5625,137835,137835,124325,124324.5,15.3684369,106.2718242,95.88506144,54.79640936,49.44073481,15.3194883
S003,IL-4,C12,5,,51.5625,110814,110814,124325,124324.5,15.3684369,85.49829868,95.88506144,44.08506026,49.44073481,15.3194883
S003,IL-5,C01,6,,133.75,89999,89999,89184,89183.5,1.293166516,103.2099002,102.241755,138.0432415,136.7483473,1.339143831
S003,IL-5,C12,6,,133.75,88368,88368,89184,89183.5,1.293166516,101.2736097,102.241755,135.453453,136.7483473,1.339143831
S003,IL-6,C01,7,,65,31904,31904,30456,30455.5,6.72616882,101.6233506,97.18600069,66.05517788,63.17090045,6.457062081
S003,IL-6,C12,7,,65,29007,29007,30456,30455.5,6.72616882,92.7486508,97.18600069,60.28662302,63.17090045,6.457062081
S003,MCP-1,C01,9,,168.75,143000,143000,131964,131963.5,11.82748865,108.9864773,101.5475423,183.9146805,171.3614776,10.3599187
S003,MCP-1,C12,9,,168.75,120927,120927,131964,131963.5,11.82748865,94.10860725,101.5475423,158.8082747,171.3614776,10.3599187
S003,TNF-α,C01,10,,84.6875,88543,88543,86864,86864,2.733542746,104.3528727,102.3379634,88.3738391,86.66746278,2.784413499
S003,TNF-α,C12,10,,84.6875,85185,85185,86864,86864,2.733542746,100.3230541,102.3379634,84.96108647,86.66746278,2.784413499
S004,GM-CSF,D01,1,,72.1875,88022,88022,87000,87000,1.661294553,97.92754247,96.79590519,70.69144472,69.87454406,1.653351739
S004,GM-CSF,D12,1,,72.1875,85978,85978,87000,87000,1.661294553,95.66426792,96.79590519,69.0576434,69.87454406,1.653351739
S004,IFN-γ,D01,2,,250.78125,13044,13044,12845,12845,2.190957563,102.0419204,100.5303369,255.9020034,252.1112356,2.126424591
S004,IFN-γ,D12,2,,250.78125,12646,12646,12845,12845,2.190957563,99.01875348,100.5303369,248.3204677,252.1112356,2.126424591
S004,IL-10,D01,8,,31.484375,32928,32928,31659,31659,5.66864718,105.9741654,101.8265096,33.36530364,32.05944014,5.760455785
S004,IL-10,D12,8,,31.484375,30390,30390,31659,31659,5.66864718,97.67885383,101.8265096,30.75357663,32.05944014,5.760455785
S004,IL-1β,D01,3,,34.6875,43611,43611,43365,43365,0.8022519,106.1998406,105.6375486,36.83806971,36.64302468,0.752763545
S004,IL-1β,D12,3,,34.6875,43119,43119,43365,43365,0.8022519,105.0752566,105.6375486,36.44797965,36.64302468,0.752763545
S004,IL-2,D01,4,,14.765625,3534,3534,3435,3435,4.07589935,102.2505878,99.23104271,15.09793835,14.65208365,4.303372665
S004,IL-2,D12,4,,14.765625,3336,3336,3435,3435,4.07589935,96.21149766,99.23104271,14.20622895,14.65208365,4.303372665
S004,IL-4,D01,5,,12.890625,36407,36407,32559,32559,16.71394634,114.9537926,103.1247741,14.81826233,13.29342791,16.22186185
S004,IL-4,D12,5,,12.890625,28711,28711,32559,32559,16.71394634,91.29575561,103.1247741,11.7685935,13.29342791,16.22186185
S004,IL-5,D01,6,,33.4375,22589,22589,22399,22399,1.199609701,99.43785294,98.57843017,33.24953208,32.96216259,1.232934351
S004,IL-5,D12,6,,33.4375,22209,22209,22399,22399,1.199609701,97.71900741,98.57843017,32.6747931,32.96216259,1.232934351
S004,IL-6,D01,7,,16.25,7270,7270,7064,7063.5,4.134424869,97.62929391,94.92992868,15.86476026,15.42611341,4.021364991
S004,IL-6,D12,7,,16.25,6857,6857,7064,7063.5,4.134424869,92.23056345,94.92992868,14.98746656,15.42611341,4.021364991
S004,MCP-1,D01,9,,42.1875,25749,25749,23799,23799,11.58753076,104.5134164,98.03073908,44.09159756,41.35671805,9.352056642
S004,MCP-1,D12,9,,42.1875,21849,21849,23799,23799,11.58753076,91.54806172,98.03073908,38.62183854,41.35671805,9.352056642
S004,TNF-α,D01,10,,21.171875,22111,22111,21556,21555.5,3.64452522,102.1647163,99.56238854,21.63018602,21.07922445,3.69642312
S004,TNF-α,D12,10,,21.171875,21000,21000,21556,21555.5,3.64452522,96.96006082,99.56238854,20.52826288,21.07922445,3.69642312
S005,GM-CSF,E01,1,,18.046875,21649,21649,21518,21517.5,0.864269006,98.84783948,98.26253766,17.83894603,17.73331734,0.842377762
S005,GM-CSF,E12,1,,18.046875,21386,21386,21518,21517.5,0.864269006,97.67723585,98.26253766,17.62768866,17.73331734,0.842377762
S005,IFN-γ,E01,2,,62.6953125,3051,3051,3110,3110,2.682913189,97.82838489,99.726909,61.33381162,62.52409725,2.692270898
S005,IFN-γ,E12,2,,62.6953125,3169,3169,3110,3110,2.682913189,101.6254331,99.726909,63.71438287,62.52409725,2.692270898
S005,IL-10,E01,8,,7.87109375,8407,8407,7941,7941,8.298999119,106.3938388,100.4109932,8.374358793,7.90344341,8.426389446
S005,IL-10,E12,8,,7.87109375,7475,7475,7941,7941,8.298999119,94.42814763,100.4109932,7.432528027,7.90344341,8.426389446
S005,IL-1β,E01,3,,8.671875,9884,9884,10493,10493,8.207910602,106.1077435,112.1994062,9.201530883,9.729792256,7.678215305
S005,IL-1β,E12,3,,8.671875,11102,11102,10493,10493,8.207910602,118.2910689,112.1994062,10.25805363,9.729792256,7.678215305
S005,IL-2,E01,4,,3.69140625,1041,1041,985,984.5,8.116106275,103.9503281,96.99953774,3.837228908,3.580646999,10.13396788
S005,IL-2,E12,4,,3.69140625,928,928,985,984.5,8.116106275,90.04874738,96.99953774,3.324065089,3.580646999,10.13396788
S005,IL-4,E01,5,,3.22265625,8203,8203,7588,7588,11.46206301,108.3881012,100.458249,3.492975919,3.237424041,11.16334861
S005,IL-4,E12,5,,3.22265625,6973,6973,7588,7588,11.46206301,92.52839681,100.458249,2.981872163,3.237424041,11.16334861
S005,IL-5,E01,6,,8.359375,6016,6016,5908,5908,2.585224522,101.4576334,99.56068383,8.481224038,8.322650914,2.694529255
S005,IL-5,E12,6,,8.359375,5800,5800,5908,5908,2.585224522,97.6637343,99.56068383,8.164077789,8.322650914,2.694529255
S005,IL-6,E01,7,,4.0625,1931,1931,1830,1830,7.805222393,105.0583294,99.44206107,4.267994633,4.039833731,7.987166397
S005,IL-6,E12,7,,4.0625,1729,1729,1830,1830,7.805222393,93.82579271,99.44206107,3.811672829,4.039833731,7.987166397
S005,MCP-1,E01,9,,10.546875,4315,4315,4381,4380.5,2.114621352,98.97906947,100.200796,10.43919873,10.5680527,1.72431987
S005,MCP-1,E12,9,,10.546875,4446,4446,4381,4380.5,2.114621352,101.4225225,100.200796,10.69690667,10.5680527,1.72431987
S005,TNF-α,E01,10,,5.29296875,5528,5528,5419,5418.5,2.857919813,98.99836401,96.96252553,5.23995247,5.132196176,2.969302183
S005,TNF-α,E12,10,,5.29296875,5309,5309,5419,5418.5,2.857919813,94.92668706,96.96252553,5.024439881,5.132196176,2.969302183
S006,GM-CSF,F01,1,,4.51171875,5429,5429,5380,5380,1.288038375,102.2454004,101.3349184,4.613024902,4.571946515,1.270653793
S006,GM-CSF,F12,1,,4.51171875,5331,5331,5380,5380,1.288038375,100.4244364,101.3349184,4.530868128,4.571946515,1.270653793
S006,IFN-γ,F01,2,,15.67382813,812,812,846,846,5.683600605,96.42624415,101.0570534,15.11368378,15.83950885,6.480451383
S006,IFN-γ,F12,2,,15.67382813,880,880,846,846,5.683600605,105.6878626,101.0570534,16.56533393,15.83950885,6.480451383
S006,IL-10,F01,8,,1.967773438,2126,2126,2005,2005,8.534655414,102.7961089,96.55545661,2.022794526,1.899992628,9.140462331
S006,IL-10,F12,8,,1.967773438,1884,1884,2005,2005,8.534655414,90.31480429,96.55545661,1.777190729,1.899992628,9.140462331
S006,IL-1β,F01,3,,2.16796875,2161,2161,2257,2256.5,5.985260147,99.93230452,104.24207,2.166501133,2.259935502,5.846899252
S006,IL-1β,F12,3,,2.16796875,2352,2352,2257,2256.5,5.985260147,108.5518355,104.24207,2.353369871,2.259935502,5.846899252
S006,IL-2,F01,4,,0.922851563,410,410,390,389.5,7.443229276,104.4272885,94.25377143,0.963708864,0.869822402,15.26466862
S006,IL-2,F12,4,,0.922851563,369,369,390,389.5,7.443229276,84.08025432,94.25377143,0.775935941,0.869822402,15.26466862
S006,IL-4,F01,5,,0.805664063,1999,1999,1845,1845,11.80427581,107.4126487,98.98532176,0.865385109,0.797489165,12.04020946
S006,IL-4,F12,5,,0.805664063,1691,1691,1845,1845,11.80427581,90.55799481,98.98532176,0.72959322,0.797489165,12.04020946
S006,IL-5,F01,6,,2.08984375,1615,1615,1586,1586,2.585888607,99.64776169,97.66220185,2.08248252,2.040987421,2.875222557
S006,IL-5,F12,6,,2.08984375,1557,1557,1586,1586,2.585888607,95.67664201,97.66220185,1.999492323,2.040987421,2.875222557
S006,IL-6,F01,7,,1.015625,546,546,522,522,6.502131321,105.3295452,99.64090416,1.069753193,1.011977933,8.073946488
S006,IL-6,F12,7,,1.015625,498,498,522,522,6.502131321,93.95226314,99.64090416,0.954202672,1.011977933,8.073946488
S006,MCP-1,F01,9,,2.63671875,1022,1022,871,870.5,24.61267716,116.4550308,100.0912706,3.070591632,2.6391253,23.1207491
S006,MCP-1,F12,9,,2.63671875,719,719,871,870.5,24.61267716,83.72751046,100.0912706,2.207658967,2.6391253,23.1207491
S006,TNF-α,F01,10,,1.323242188,1763,1763,1553,1552.5,19.17500515,116.390988,100.7934851,1.540134656,1.333741918,21.88454946
S006,TNF-α,F12,10,,1.323242188,1342,1342,1553,1552.5,19.17500515,85.19598226,100.7934851,1.127349179,1.333741918,21.88454946
S007,GM-CSF,G01,1,,1.127929688,1441,1441,1384,1383.5,5.877649428,106.770188,102.264295,1.204292647,1.153469343,6.23120214
S007,GM-CSF,G12,1,,1.127929688,1326,1326,1384,1383.5,5.877649428,97.75840204,102.264295,1.102646039,1.153469343,6.23120214
S007,IFN-γ,G01,2,,3.918457031,291,291,301,300.5,4.470891462,94.9347934,100.4158562,3.719979087,3.934752176,7.719292137
S007,IFN-γ,G12,2,,3.918457031,310,310,301,300.5,4.470891462,105.8969189,100.4158562,4.149525265,3.934752176,7.719292137
S007,IL-10,G01,8,,0.491943359,736,736,636,635.5,22.36482502,123.6451288,102.7209704,0.608264,0.505328993,28.80738806
S007,IL-10,G12,8,,0.491943359,535,535,636,635.5,22.36482502,81.79681205,102.7209704,0.402393985,0.505328993,28.80738806
S007,IL-1β,G01,3,,0.541992188,491,491,519,519,7.629668545,81.66827442,87.4486569,0.442635667,0.473964888,9.34799411
S007,IL-1β,G12,3,,0.541992188,547,547,519,519,7.629668545,93.22903938,87.4486569,0.50529411,0.473964888,9.34799411
S007,IL-2,G01,4,,0.230712891,330,330,287,287,21.18856557,258.7929513,173.0142976,0.597068699,0.399166287,70.11520842
S007,IL-2,G12,4,,0.230712891,244,244,287,287,21.18856557,87.23564396,173.0142976,0.201263876,0.399166287,70.11520842
S007,IL-4,G01,5,,0.201416016,635,635,525,524.5,29.79420374,125.6939482,99.97672428,0.253167742,0.201369135,36.37811416
S007,IL-4,G12,5,,0.201416016,414,414,525,524.5,29.79420374,74.25950033,99.97672428,0.149570527,0.201369135,36.37811416
S007,IL-5,G01,6,,0.522460938,574,574,530,529.5,11.88526979,115.867124,103.960154,0.605360462,0.543151195,16.19755047
S007,IL-5,G12,6,,0.522460938,485,485,530,529.5,11.88526979,92.05318407,103.960154,0.480941928,0.543151195,16.19755047
S007,IL-6,G01,7,,0.25390625,240,240,240,240,0,125.4421351,125.4421351,0.318505421,0.318505421,0
S007,IL-6,G12,7,,0.25390625,240,240,240,240,0,125.4421351,125.4421351,0.318505421,0.318505421,0
S007,MCP-1,G01,9,,0.659179688,356,356,263,263,50.00831228,155.3009033,95.36355179,1.023712009,0.628617163,88.88533808
S007,MCP-1,G12,9,,0.659179688,170,170,263,263,50.00831228,35.42620027,95.36355179,0.233522316,0.628617163,88.88533808
S007,TNF-α,G01,10,,0.330810547,635,635,538,537.5,25.65317625,131.4832834,102.6646441,0.434960569,0.339625471,39.69790279
S007,TNF-α,G12,10,,0.330810547,440,440,538,537.5,25.65317625,73.84600475,102.6646441,0.244290372,0.339625471,39.69790279
S008,GM-CSF,H01,1,,0,143,143,129,128.5,15.95805187,,NaN,0.015574612,NaN,NaN
S008,GM-CSF,H12,1,,0,114,114,129,128.5,15.95805187,,NaN,NaN,NaN,NaN
S008,IFN-γ,H01,2,,0,139,139,133,133,6.379910808,,NaN,0.152738753,NaN,NaN
S008,IFN-γ,H12,2,,0,127,127,133,133,6.379910808,,NaN,NaN,NaN,NaN
S008,IL-10,H01,8,,0,177,177,146,145.5,30.61699465,,NaN,0.032857069,NaN,NaN
S008,IL-10,H12,8,,0,114,114,146,145.5,30.61699465,,NaN,NaN,NaN,NaN
S008,IL-1β,H01,3,,0,131,131,133,132.5,1.600996486,,NaN,0.003610606,0.006064891,57.22911626
S008,IL-1β,H12,3,,0,134,134,133,132.5,1.600996486,,NaN,0.008519176,0.006064891,57.22911626
S008,IL-2,H01,4,,0,220,220,189,188.5,23.63274653,,NaN,0.090150941,NaN,NaN
S008,IL-2,H12,4,,0,157,157,189,188.5,23.63274653,,NaN,NaN,NaN,NaN
S008,IL-4,H01,5,,0,142,142,113,112.5,37.0838223,,NaN,0.01618129,NaN,NaN
S008,IL-4,H12,5,,0,83,83,113,112.5,37.0838223,,NaN,NaN,NaN,NaN
S008,IL-5,H01,6,,0,149,149,134,133.5,16.41970803,,NaN,0.019221663,NaN,NaN
S008,IL-5,H12,6,,0,118,118,134,133.5,16.41970803,,NaN,NaN,NaN,NaN
S008,IL-6,H01,7,,0,121,121,115,114.5,8.028286599,,NaN,0.003149569,NaN,NaN
S008,IL-6,H12,7,,0,108,108,115,114.5,8.028286599,,NaN,NaN,NaN,NaN
S008,MCP-1,H01,9,,0,158,158,136,136,22.8769841,,NaN,0.164955791,NaN,NaN
S008,MCP-1,H12,9,,0,114,114,136,136,22.8769841,,NaN,NaN,NaN,NaN
S008,TNF-α,H01,10,,0,226,226,189,188.5,28.13422206,,NaN,0.035418281,NaN,NaN
S008,TNF-α,H12,10,,0,151,151,189,188.5,28.13422206,,NaN,NaN,NaN,NaN
U001,GM-CSF,A02,1,1,,1981094,1981094,1966604,1966603.667,2.331931186,,,5217.581083,5092.271405,8.601120209
U001,GM-CSF,A03,1,1,,1915249,1915249,1966604,1966603.667,2.331931186,,,4605.281271,5092.271405,8.601120209
U001,GM-CSF,A04,1,1,,2003468,2003468,1966604,1966603.667,2.331931186,,,5453.951862,5092.271405,8.601120209
U001,IFN-γ,A02,2,1,,672230,672230,714562,714562.3333,6.39481471,,,11399.28446,12087.78326,6.145202136
U001,IFN-γ,A03,2,1,,763005,763005,714562,714562.3333,6.39481471,,,12875.04134,12087.78326,6.145202136
U001,IFN-γ,A04,2,1,,708452,708452,714562,714562.3333,6.39481471,,,11989.02397,12087.78326,6.145202136
U001,IL-10,A02,8,1,,1518328,1518328,1546702,1546701.667,2.512927444,,,21931.45078,39597.46669,70.63858917
U001,IL-10,A03,8,1,,1591003,1591003,1546702,1546701.667,2.512927444,,,71846.62054,39597.46669,70.63858917
U001,IL-10,A04,8,1,,1530774,1530774,1546702,1546701.667,2.512927444,,,25014.32875,39597.46669,70.63858917
U001,IL-1β,A02,3,1,,1950835,1950835,1959378,1959378,1.6231685,,,4149.212115,4221.690095,5.91653252
U001,IL-1β,A03,3,1,,1932718,1932718,1959378,1959378,1.6231685,,,4016.16662,4221.690095,5.91653252
U001,IL-1β,A04,3,1,,1994581,1994581,1959378,1959378,1.6231685,,,4499.691552,4221.690095,5.91653252
U001,IL-2,A02,4,1,,1337805,1337805,1394806,1394805.667,3.594589363,,,6022.446662,6285.78341,3.685176319
U001,IL-2,A03,4,1,,1432079,1432079,1394806,1394805.667,3.594589363,,,6458.052612,6285.78341,3.685176319
U001,IL-2,A04,4,1,,1414533,1414533,1394806,1394805.667,3.594589363,,,6376.850958,6285.78341,3.685176319
U001,IL-4,A02,5,1,,1523329,1523329,1539057,1539056.667,0.948121298,,,979.0427145,997.9059976,1.756792658
U001,IL-4,A03,5,1,,1541685,1541685,1539057,1539056.667,0.948121298,,,1000.975779,997.9059976,1.756792658
U001,IL-4,A04,5,1,,1552156,1552156,1539057,1539056.667,0.948121298,,,1013.699499,997.9059976,1.756792658
U001,IL-5,A02,6,1,,1537412,1537412,1549186,1549185.667,0.836236994,,,3383.992801,3420.535013,1.177099699
U001,IL-5,A03,6,1,,1547081,1547081,1549186,1549185.667,0.836236994,,,3413.913994,3420.535013,1.177099699
U001,IL-5,A04,6,1,,1563064,1563064,1549186,1549185.667,0.836236994,,,3463.698244,3420.535013,1.177099699
U001,IL-6,A02,7,1,,1987782,1987782,1998189,1998188.667,0.777513441,,,3457.79832,3475.172315,0.746349418
U001,IL-6,A03,7,1,,1990737,1990737,1998189,1998188.667,0.777513441,,,3462.732731,3475.172315,0.746349418
U001,IL-6,A04,7,1,,2016047,2016047,1998189,1998188.667,0.777513441,,,3504.985895,3475.172315,0.746349418
U001,MCP-1,A02,9,1,,1484826,1484826,1533865,1533865.333,3.13304276,,,NaN,NaN,NaN
U001,MCP-1,A03,9,1,,1580875,1580875,1533865,1533865.333,3.13304276,,,NaN,NaN,NaN
U001,MCP-1,A04,9,1,,1535895,1535895,1533865,1533865.333,3.13304276,,,NaN,NaN,NaN
U001,TNF-α,A02,10,1,,1820485,1820485,1843696,1843696,1.125211166,,,2587.176578,2634.960905,1.621658512
U001,TNF-α,A03,10,1,,1860431,1860431,1843696,1843696,1.125211166,,,2669.499769,2634.960905,1.621658512
U001,TNF-α,A04,10,1,,1850172,1850172,1843696,1843696,1.125211166,,,2648.206368,2634.960905,1.621658512
U002,GM-CSF,B02,1,1,,1976562,1976562,1976030,1976029.667,1.563536228,,,5171.612502,5175.739883,6.012381924
U002,GM-CSF,B03,1,1,,1944871,1944871,1976030,1976029.667,1.563536228,,,4866.638853,5175.739883,6.012381924
U002,GM-CSF,B04,1,1,,2006656,2006656,1976030,1976029.667,1.563536228,,,5488.968292,5175.739883,6.012381924
U002,IFN-γ,B02,2,1,,194746,194746,209851,209851.3333,13.32919545,,,3465.449944,3722.632568,12.79719036
U002,IFN-γ,B03,2,1,,192680,192680,209851,209851.3333,13.32919545,,,3430.103329,3722.632568,12.79719036
U002,IFN-γ,B04,2,1,,242128,242128,209851,209851.3333,13.32919545,,,4272.344433,3722.632568,12.79719036
U002,IL-10,B02,8,1,,1196686,1196686,1214885,1214885,1.325684815,,,4352.76897,4619.186998,5.119054393
U002,IL-10,B03,8,1,,1220670,1220670,1214885,1214885,1.325684815,,,4700.63898,4619.186998,5.119054393
U002,IL-10,B04,8,1,,1227299,1227299,1214885,1214885,1.325684815,,,4804.153043,4619.186998,5.119054393
U002,IL-1β,B02,3,1,,1776447,1776447,1752481,1752480.667,3.151681912,,,3090.010508,2985.190968,8.384848913
U002,IL-1β,B03,3,1,,1689313,1689313,1752481,1752480.667,3.151681912,,,2699.518221,2985.190968,8.384848913
U002,IL-1β,B04,3,1,,1791682,1791682,1752481,1752480.667,3.151681912,,,3166.044175,2985.190968,8.384848913
U002,IL-2,B02,4,1,,858546,858546,891954,891953.6667,3.678684805,,,3833.32834,3984.658176,3.730834071
U002,IL-2,B03,4,1,,893179,893179,891954,891953.6667,3.678684805,,,3990.147962,3984.658176,3.730834071
U002,IL-2,B04,4,1,,924136,924136,891954,891953.6667,3.678684805,,,4130.498225,3984.658176,3.730834071
U002,IL-4,B02,5,1,,935602,935602,1076452,1076452,18.09760812,,,458.8689687,567.4034428,27.18300667
U002,IL-4,B03,5,1,,994980,994980,1076452,1076452,18.09760812,,,499.3826979,567.4034428,27.18300667
U002,IL-4,B04,5,1,,1298774,1298774,1076452,1076452,18.09760812,,,743.9586616,567.4034428,27.18300667
U002,IL-5,B02,6,1,,1517857,1517857,1508712,1508712.333,0.833806174,,,3323.925643,3296.120027,1.1592746
U002,IL-5,B03,6,1,,1494366,1494366,1508712,1508712.333,0.833806174,,,3252.548673,3296.120027,1.1592746
U002,IL-5,B04,6,1,,1513914,1513914,1508712,1508712.333,0.833806174,,,3311.885764,3296.120027,1.1592746
U002,IL-6,B02,7,1,,1790764,1790764,1809802,1809801.667,1.275868919,,,3128.184697,3160.084641,1.22425682
U002,IL-6,B03,7,1,,1803154,1803154,1809802,1809801.667,1.275868919,,,3148.951003,3160.084641,1.22425682
U002,IL-6,B04,7,1,,1835487,1835487,1809802,1809801.667,1.275868919,,,3203.118221,3160.084641,1.22425682
U002,MCP-1,B02,9,1,,1445152,1445152,1468846,1468846.333,2.669184108,,,NaN,NaN,NaN
U002,MCP-1,B03,9,1,,1514101,1514101,1468846,1468846.333,2.669184108,,,NaN,NaN,NaN
U002,MCP-1,B04,9,1,,1447286,1447286,1468846,1468846.333,2.669184108,,,NaN,NaN,NaN
U002,TNF-α,B02,10,1,,1627656,1627656,1658131,1658131.333,2.300239831,,,2210.912044,2268.580764,3.192609856
U002,TNF-α,B03,10,1,,1700904,1700904,1658131,1658131.333,2.300239831,,,2349.86891,2268.580764,3.192609856
U002,TNF-α,B04,10,1,,1645834,1645834,1658131,1658131.333,2.300239831,,,2244.961338,2268.580764,3.192609856
U003,GM-CSF,C02,1,1,,1575690,1575690,1597511,1597510.667,3.623538724,,,2632.135927,2730.03726,9.080892003
U003,GM-CSF,C03,1,1,,1553706,1553706,1597511,1597510.667,3.623538724,,,2546.024999,2730.03726,9.080892003
U003,GM-CSF,C04,1,1,,1663136,1663136,1597511,1597510.667,3.623538724,,,3011.950853,2730.03726,9.080892003
U003,IFN-γ,C02,2,1,,49729,49729,55132,55132.33333,16.18228555,,,932.1094083,1029.113515,15.5596299
U003,IFN-γ,C03,2,1,,50238,50238,55132,55132.33333,16.18228555,,,941.2958341,1029.113515,15.5596299
U003,IFN-γ,C04,2,1,,65430,65430,55132,55132.33333,16.18228555,,,1213.935301,1029.113515,15.5596299
U003,IL-10,C02,8,1,,578807,578807,600488,600488.3333,5.129060247,,,872.8133703,925.7575076,8.193777717
U003,IL-10,C03,8,1,,586915,586915,600488,600488.3333,5.129060247,,,891.801141,925.7575076,8.193777717
U003,IL-10,C04,8,1,,635743,635743,600488,600488.3333,5.129060247,,,1012.658012,925.7575076,8.193777717
U003,IL-1β,C02,3,1,,1233271,1233271,1244905,1244905,1.640194671,,,1407.461703,1430.964599,2.881783268
U003,IL-1β,C03,3,1,,1268482,1268482,1244905,1244905,1.640194671,,,1478.580028,1430.964599,2.881783268
U003,IL-1β,C04,3,1,,1232962,1232962,1244905,1244905,1.640194671,,,1406.852065,1430.964599,2.881783268
U003,IL-2,C02,4,1,,346666,346666,356439,356438.6667,6.27046928,,,1538.076277,1581.560779,6.287033021
U003,IL-2,C03,4,1,,340639,340639,356439,356438.6667,6.27046928,,,1511.276977,1581.560779,6.287033021
U003,IL-2,C04,4,1,,382011,382011,356439,356438.6667,6.27046928,,,1695.329083,1581.560779,6.287033021
U003,IL-4,C02,5,1,,222938,222938,247929,247929,15.20160288,,,89.2385811,99.70161938,15.85826749
U003,IL-4,C03,5,1,,229569,229569,247929,247929,15.20160288,,,91.97629683,99.70161938,15.85826749
U003,IL-4,C04,5,1,,291280,291280,247929,247929,15.20160288,,,117.8899802,99.70161938,15.85826749
U003,IL-5,C02,6,1,,1422275,1422275,1425033,1425033.333,0.903008032,,,3038.674071,3046.796745,1.233562736
U003,IL-5,C03,6,1,,1413768,1413768,1425033,1425033.333,0.903008032,,,3013.938102,3046.796745,1.233562736
U003,IL-5,C04,6,1,,1439057,1439057,1425033,1425033.333,0.903008032,,,3087.778062,3046.796745,1.233562736
U003,IL-6,C02,7,1,,974542,974542,1028982,1028982.333,6.833204584,,,1745.633629,1838.85035,6.543873683
U003,IL-6,C03,7,1,,1004039,1004039,1028982,1028982.333,6.833204584,,,1796.224284,1838.85035,6.543873683
U003,IL-6,C04,7,1,,1108366,1108366,1028982,1028982.333,6.833204584,,,1974.693138,1838.85035,6.543873683
U003,MCP-1,C02,9,1,,1321535,1321535,1342199,1342199,1.354109474,,,964964.7389,NaN,NaN
U003,MCP-1,C03,9,1,,1349357,1349357,1342199,1342199,1.354109474,,,NaN,NaN,NaN
U003,MCP-1,C04,9,1,,1355705,1355705,1342199,1342199,1.354109474,,,NaN,NaN,NaN
U003,TNF-α,C02,10,1,,1214051,1214051,1230116,1230116,3.356214832,,,1506.047578,1531.519003,4.243797592
U003,TNF-α,C03,10,1,,1199278,1199278,1230116,1230116,3.356214832,,,1483.117995,1531.519003,4.243797592
U003,TNF-α,C04,10,1,,1277019,1277019,1230116,1230116,3.356214832,,,1605.391436,1531.519003,4.243797592
U004,GM-CSF,D02,1,1,,435713,435713,463630,463629.6667,9.281291688,,,378.9978376,407.8079446,10.92467992
U004,GM-CSF,D03,1,1,,441991,441991,463630,463629.6667,9.281291688,,,385.3031295,407.8079446,10.92467992
U004,GM-CSF,D04,1,1,,513185,513185,463630,463629.6667,9.281291688,,,459.1228667,407.8079446,10.92467992
U004,IFN-γ,D02,2,1,,14605,14605,14804,14803.66667,10.7764165,,,285.5511218,289.2720927,10.44272953
U004,IFN-γ,D03,2,1,,13317,13317,14804,14803.66667,10.7764165,,,261.0970469,289.2720927,10.44272953
U004,IFN-γ,D04,2,1,,16489,16489,14804,14803.66667,10.7764165,,,321.1681095,289.2720927,10.44272953
U004,IL-10,D02,8,1,,186278,186278,195207,195207.3333,5.412342618,,,206.5479026,217.7787606,6.120104629
U004,IL-10,D03,8,1,,192473,192473,195207,195207.3333,5.412342618,,,214.2813343,217.7787606,6.120104629
U004,IL-10,D04,8,1,,206871,206871,195207,195207.3333,5.412342618,,,232.507045,217.7787606,6.120104629
U004,IL-1β,D02,3,1,,400593,400593,404793,404792.6667,2.814439055,,,325.6723372,329.4085924,3.065764904
U004,IL-1β,D03,3,1,,396096,396096,404793,404792.6667,2.814439055,,,321.7102192,329.4085924,3.065764904
U004,IL-1β,D04,3,1,,417689,417689,404793,404792.6667,2.814439055,,,340.8432209,329.4085924,3.065764904
U004,IL-2,D02,4,1,,90821,90821,90389,90389,1.466857496,,,403.238584,401.3238364,1.464293806
U004,IL-2,D03,4,1,,88901,88901,90389,90389,1.466857496,,,394.7287091,401.3238364,1.464293806
U004,IL-2,D04,4,1,,91445,91445,90389,90389,1.466857496,,,406.0042162,401.3238364,1.464293806
U004,IL-4,D02,5,1,,53508,53508,57685,57684.66667,12.2791468,,,21.55433706,23.19436627,11.99116001
U004,IL-4,D03,5,1,,53683,53683,57685,57684.66667,12.2791468,,,21.6231028,23.19436627,11.99116001
U004,IL-4,D04,5,1,,65863,65863,57685,57684.66667,12.2791468,,,26.40565895,23.19436627,11.99116001
U004,IL-5,D02,6,1,,782154,782154,783050,783050,3.026716788,,,1430.332212,1432.449449,3.581493482
U004,IL-5,D03,6,1,,759810,759810,783050,783050,3.026716788,,,1382.23776,1432.449449,3.581493482
U004,IL-5,D04,6,1,,807186,807186,783050,783050,3.026716788,,,1484.778374,1432.449449,3.581493482
U004,IL-6,D02,7,1,,261310,261310,274737,274736.6667,6.740516017,,,495.0817383,519.3687026,6.446696132
U004,IL-6,D03,7,1,,267037,267037,274737,274736.6667,6.740516017,,,505.4610807,519.3687026,6.446696132
U004,IL-6,D04,7,1,,295863,295863,274737,274736.6667,6.740516017,,,557.5632888,519.3687026,6.446696132
U004,MCP-1,D02,9,1,,543415,543415,565364,565364.3333,4.182618882,,,730.1022852,771.09247,5.78195594
U004,MCP-1,D03,9,1,,562273,562273,565364,565364.3333,4.182618882,,,764.6133739,771.09247,5.78195594
U004,MCP-1,D04,9,1,,590405,590405,565364,565364.3333,4.182618882,,,818.561751,771.09247,5.78195594
U004,TNF-α,D02,10,1,,363607,363607,371449,371449,4.615321217,,,382.1623063,391.0061968,4.937690435
U004,TNF-α,D03,10,1,,359629,359629,371449,371449,4.615321217,,,377.7056444,391.0061968,4.937690435
U004,TNF-α,D04,10,1,,391111,391111,371449,371449,4.615321217,,,413.1506397,391.0061968,4.937690435
U005,GM-CSF,E02,1,1,,113891,113891,121604,121603.6667,8.1028792,,,91.47424242,97.72567013,8.179575162
U005,GM-CSF,E03,1,1,,118216,118216,121604,121603.6667,8.1028792,,,94.97035561,97.72567013,8.179575162
U005,GM-CSF,E04,1,1,,132704,132704,121604,121603.6667,8.1028792,,,106.7324123,97.72567013,8.179575162
U005,IFN-γ,E02,2,1,,4669,4669,4847,4847.333333,11.20057901,,,93.69767015,97.21721398,11.05369589
U005,IFN-γ,E03,2,1,,4416,4416,4847,4847.333333,11.20057901,,,88.67222145,97.21721398,11.05369589
U005,IFN-γ,E04,2,1,,5457,5457,4847,4847.333333,11.20057901,,,109.2817503,97.21721398,11.05369589
U005,IL-10,E02,8,1,,48306,48306,51553,51552.66667,6.367411716,,,49.33748429,52.74768871,6.540759029
U005,IL-10,E03,8,1,,51482,51482,51553,51552.66667,6.367411716,,,52.66923717,52.74768871,6.540759029
U005,IL-10,E04,8,1,,54870,54870,51553,51552.66667,6.367411716,,,56.23634466,52.74768871,6.540759029
U005,IL-1β,E02,3,1,,102105,102105,103819,103819.3333,1.622837792,,,82.42426194,83.75057677,1.556379801
U005,IL-1β,E03,3,1,,103880,103880,103819,103819.3333,1.622837792,,,83.79752062,83.75057677,1.556379801
U005,IL-1β,E04,3,1,,105473,105473,103819,103819.3333,1.622837792,,,85.02994776,83.75057677,1.556379801
U005,IL-2,E02,4,1,,22174,22174,23548,23548,6.827025932,,,98.4555539,104.5766075,6.847933092
U005,IL-2,E03,4,1,,23154,23154,23548,23548,6.827025932,,,102.8221305,104.5766075,6.847933092
U005,IL-2,E04,4,1,,25316,25316,23548,23548,6.827025932,,,112.4521381,104.5766075,6.847933092
U005,IL-4,E02,5,1,,12027,12027,14020,14020.33333,13.84945694,,,5.065032998,5.875570816,13.42850196
U005,IL-4,E03,5,1,,14128,14128,14020,14020.33333,13.84945694,,,5.920570193,5.875570816,13.42850196
U005,IL-4,E04,5,1,,15906,15906,14020,14020.33333,13.84945694,,,6.641109257,5.875570816,13.42850196
U005,IL-5,E02,6,1,,213245,213245,214299,214299,3.107737109,,,340.1022991,341.8934193,3.291112844
U005,IL-5,E03,6,1,,208229,208229,214299,214299,3.107737109,,,331.6443111,341.8934193,3.291112844
U005,IL-5,E04,6,1,,221423,221423,214299,214299,3.107737109,,,353.9336477,341.8934193,3.291112844
U005,IL-6,E02,7,1,,56091,56091,59086,59085.66667,7.440757922,,,113.4723058,119.2617955,7.123814661
U005,IL-6,E03,7,1,,57033,57033,59086,59085.66667,7.440757922,,,115.2977364,119.2617955,7.123814661
U005,IL-6,E04,7,1,,64133,64133,59086,59085.66667,7.440757922,,,129.0153442,119.2617955,7.123814661
U005,MCP-1,E02,9,1,,128706,128706,138168,138167.6667,10.41506654,,,167.6643104,178.4223576,9.169899807
U005,MCP-1,E03,9,1,,131069,131069,138168,138167.6667,10.41506654,,,170.3520098,178.4223576,9.169899807
U005,MCP-1,E04,9,1,,154728,154728,138168,138167.6667,10.41506654,,,197.2507526,178.4223576,9.169899807
U005,TNF-α,E02,10,1,,96133,96133,98288,98287.66667,5.891764415,,,96.10269532,98.3046564,6.014229366
U005,TNF-α,E03,10,1,,93883,93883,98288,98287.66667,5.891764415,,,93.80934953,98.3046564,6.014229366
U005,TNF-α,E04,10,1,,104847,104847,98288,98287.66667,5.891764415,,,105.0019243,98.3046564,6.014229366
U006,GM-CSF,F02,1,1,,26276,26276,32515,32515,21.4721044,,,21.5469942,26.52169256,20.9757426
U006,GM-CSF,F03,1,1,,31213,31213,32515,32515,21.4721044,,,25.48943832,26.52169256,20.9757426
U006,GM-CSF,F04,1,1,,40056,40056,32515,32515,21.4721044,,,32.52864515,26.52169256,20.9757426
U006,IFN-γ,F02,2,1,,1288,1288,1706,1705.666667,38.42249547,,,25.17918155,33.8006173,39.96848404
U006,IFN-γ,F03,2,1,,1368,1368,1706,1705.666667,38.42249547,,,26.85245986,33.8006173,39.96848404
U006,IFN-γ,F04,2,1,,2461,2461,1706,1705.666667,38.42249547,,,49.37021049,33.8006173,39.96848404
U006,IL-10,F02,8,1,,11784,11784,14101,14101.33333,17.10873761,,,11.78943074,14.13759121,17.29703431
U006,IL-10,F03,8,1,,13921,13921,14101,14101.33333,17.10873761,,,13.95354415,14.13759121,17.29703431
U006,IL-10,F04,8,1,,16599,16599,14101,14101.33333,17.10873761,,,16.66979873,14.13759121,17.29703431
U006,IL-1β,F02,3,1,,29424,29424,28623,28623,2.752496476,,,25.48536782,24.8360806,2.572010115
U006,IL-1β,F03,3,1,,28596,28596,28623,28623,2.752496476,,,24.81453398,24.8360806,2.572010115
U006,IL-1β,F04,3,1,,27849,27849,28623,28623,2.752496476,,,24.20834001,24.8360806,2.572010115
U006,IL-2,F02,4,1,,6644,6644,7391,7391.333333,12.57407661,,,29.07214579,32.42245836,12.84873152
U006,IL-2,F03,4,1,,7098,7098,7391,7391.333333,12.57407661,,,31.10828937,32.42245836,12.84873152
U006,IL-2,F04,4,1,,8432,8432,7391,7391.333333,12.57407661,,,37.08693993,32.42245836,12.84873152
U006,IL-4,F02,5,1,,3378,3378,4168,4168.333333,21.22344581,,,1.463700262,1.800452699,20.89736399
U006,IL-4,F03,5,1,,4003,4003,4168,4168.333333,21.22344581,,,1.731110034,1.800452699,20.89736399
U006,IL-4,F04,5,1,,5124,5124,4168,4168.333333,21.22344581,,,2.206547802,1.800452699,20.89736399
U006,IL-5,F02,6,1,,73315,73315,74830,74830.33333,4.224567618,,,111.6659371,114.0541514,4.36683442
U006,IL-5,F03,6,1,,72712,72712,74830,74830.33333,4.224567618,,,110.717446,114.0541514,4.36683442
U006,IL-5,F04,6,1,,78464,78464,74830,74830.33333,4.224567618,,,119.779071,114.0541514,4.36683442
U006,IL-6,F02,7,1,,15512,15512,16288,16288.33333,9.300327972,,,33.02235361,34.60892512,8.94945257
U006,IL-6,F03,7,1,,15319,15319,16288,16288.33333,9.300327972,,,32.62634735,34.60892512,8.94945257
U006,IL-6,F04,7,1,,18034,18034,16288,16288.33333,9.300327972,,,38.17807439,34.60892512,8.94945257
U006,MCP-1,F02,9,1,,19374,19374,28184,28183.66667,31.16387073,,,35.05836903,47.20733172,25.4282406
U006,MCP-1,F03,9,1,,28237,28237,28184,28183.66667,31.16387073,,,47.50272158,47.20733172,25.4282406
U006,MCP-1,F04,9,1,,36940,36940,28184,28183.66667,31.16387073,,,59.06090456,47.20733172,25.4282406
U006,TNF-α,F02,10,1,,24806,24806,26654,26654,8.239706172,,,24.30526514,26.1419372,8.351140181
U006,TNF-α,F03,10,1,,26074,26074,26654,26654,8.239706172,,,25.56490707,26.1419372,8.351140181
U006,TNF-α,F04,10,1,,29082,29082,26654,26654,8.239706172,,,28.55563939,26.1419372,8.351140181
U007,GM-CSF,G02,1,1,,7490,7490,8947,8946.666667,18.3885005,,,6.329959051,7.530627952,17.98393453
U007,GM-CSF,G03,1,1,,8619,8619,8947,8946.666667,18.3885005,,,7.263245397,7.530627952,17.98393453
U007,GM-CSF,G04,1,1,,10731,10731,8947,8946.666667,18.3885005,,,8.998679408,7.530627952,17.98393453
U007,IFN-γ,G02,2,1,,943,943,1127,1126.666667,29.16275956,,,17.90557149,21.76171261,31.71169362
U007,IFN-γ,G03,2,1,,931,931,1127,1126.666667,29.16275956,,,17.65061618,21.76171261,31.71169362
U007,IFN-γ,G04,2,1,,1506,1506,1127,1126.666667,29.16275956,,,29.72895017,21.76171261,31.71169362
U007,IL-10,G02,8,1,,3279,3279,3723,3722.666667,10.76217509,,,3.191029561,3.639925604,11.1362509
U007,IL-10,G03,8,1,,3831,3831,3723,3722.666667,10.76217509,,,3.749574275,3.639925604,11.1362509
U007,IL-10,G04,8,1,,4058,4058,3723,3722.666667,10.76217509,,,3.979172976,3.639925604,11.1362509
U007,IL-1β,G02,3,1,,4445,4445,5956,5955.666667,22.36438037,,,4.336646175,5.711674134,21.21509277
U007,IL-1β,G03,3,1,,6961,6961,5956,5955.666667,22.36438037,,,6.623420269,5.711674134,21.21509277
U007,IL-1β,G04,3,1,,6461,6461,5956,5955.666667,22.36438037,,,6.174955956,5.711674134,21.21509277
U007,IL-2,G02,4,1,,2777,2777,3127,3127,11.68417659,,,11.68688043,13.26422603,12.41202642
U007,IL-2,G03,4,1,,3098,3098,3127,3127,11.68417659,,,13.13394052,13.26422603,12.41202642
U007,IL-2,G04,4,1,,3506,3506,3127,3127,11.68417659,,,14.97185715,13.26422603,12.41202642
U007,IL-4,G02,5,1,,1019,1019,1203,1203.333333,14.60485434,,,0.429003106,0.511998107,15.44131554
U007,IL-4,G03,5,1,,1222,1222,1203,1203.333333,14.60485434,,,0.520567865,0.511998107,15.44131554
U007,IL-4,G04,5,1,,1369,1369,1203,1203.333333,14.60485434,,,0.586423351,0.511998107,15.44131554
U007,IL-5,G02,6,1,,30164,30164,31921,31921.33333,5.049508518,,,44.75549162,47.43834689,5.187979586
U007,IL-5,G03,6,1,,33331,33331,31921,31921.33333,5.049508518,,,49.59137067,47.43834689,5.187979586
U007,IL-5,G04,6,1,,32269,32269,31921,31921.33333,5.049508518,,,47.96817839,47.43834689,5.187979586
U007,IL-6,G02,7,1,,4739,4739,5039,5039,5.266126863,,,10.44732081,11.09471926,5.161004111
U007,IL-6,G03,7,1,,5135,5135,5039,5039,5.266126863,,,11.30211733,11.09471926,5.161004111
U007,IL-6,G04,7,1,,5243,5243,5039,5039,5.266126863,,,11.53471964,11.09471926,5.161004111
U007,MCP-1,G02,9,1,,3067,3067,4650,4650.333333,29.94189774,,,7.888850299,11.03310229,25.02202532
U007,MCP-1,G03,9,1,,5684,5684,4650,4650.333333,29.94189774,,,13.05993174,11.03310229,25.02202532
U007,MCP-1,G04,9,1,,5200,5200,4650,4650.333333,29.94189774,,,12.15052484,11.03310229,25.02202532
U007,TNF-α,G02,10,1,,7328,7328,8045,8044.666667,7.739075069,,,7.012422577,7.718726784,7.949262445
U007,TNF-α,G03,10,1,,8354,8354,8045,8044.666667,7.739075069,,,8.02357297,7.718726784,7.949262445
U007,TNF-α,G04,10,1,,8452,8452,8045,8044.666667,7.739075069,,,8.120184804,7.718726784,7.949262445
U008,GM-CSF,H02,1,1,,100,100,89,88.66666667,11.57504084,,,NaN,NaN,NaN
U008,GM-CSF,H03,1,1,,80,80,89,88.66666667,11.57504084,,,NaN,NaN,NaN
U008,GM-CSF,H04,1,1,,86,86,89,88.66666667,11.57504084,,,NaN,NaN,NaN
U008,IFN-γ,H02,2,1,,129,129,123,123,6.453051978,,,NaN,NaN,NaN
U008,IFN-γ,H03,2,1,,114,114,123,123,6.453051978,,,NaN,NaN,NaN
U008,IFN-γ,H04,2,1,,126,126,123,123,6.453051978,,,NaN,NaN,NaN
U008,IL-10,H02,8,1,,132,132,132,132.3333333,0.436284838,,,NaN,NaN,NaN
U008,IL-10,H03,8,1,,132,132,132,132.3333333,0.436284838,,,NaN,NaN,NaN
U008,IL-10,H04,8,1,,133,133,132,132.3333333,0.436284838,,,NaN,NaN,NaN
U008,IL-1β,H02,3,1,,106,106,108,108.3333333,8.064826106,,,NaN,NaN,NaN
U008,IL-1β,H03,3,1,,118,118,108,108.3333333,8.064826106,,,NaN,NaN,NaN
U008,IL-1β,H04,3,1,,101,101,108,108.3333333,8.064826106,,,NaN,NaN,NaN
U008,IL-2,H02,4,1,,119,119,115,114.6666667,4.475233813,,,NaN,NaN,NaN
U008,IL-2,H03,4,1,,116,116,115,114.6666667,4.475233813,,,NaN,NaN,NaN
U008,IL-2,H04,4,1,,109,109,115,114.6666667,4.475233813,,,NaN,NaN,NaN
U008,IL-4,H02,5,1,,110,110,103,103,7.329936345,,,NaN,NaN,NaN
U008,IL-4,H03,5,1,,95,95,103,103,7.329936345,,,NaN,NaN,NaN
U008,IL-4,H04,5,1,,104,104,103,103,7.329936345,,,NaN,NaN,NaN
U008,IL-5,H02,6,1,,93,93,94,93.66666667,1.232776375,,,NaN,NaN,NaN
U008,IL-5,H03,6,1,,93,93,94,93.66666667,1.232776375,,,NaN,NaN,NaN
U008,IL-5,H04,6,1,,95,95,94,93.66666667,1.232776375,,,NaN,NaN,NaN
U008,IL-6,H02,7,1,,112,112,113,113,10.20580761,,,NaN,NaN,NaN
U008,IL-6,H03,7,1,,125,125,113,113,10.20580761,,,0.015145561,NaN,NaN
U008,IL-6,H04,7,1,,102,102,113,113,10.20580761,,,NaN,NaN,NaN
U008,MCP-1,H02,9,1,,118,118,107,106.6666667,16.80541207,,,NaN,NaN,NaN
U008,MCP-1,H03,9,1,,116,116,107,106.6666667,16.80541207,,,NaN,NaN,NaN
U008,MCP-1,H04,9,1,,86,86,107,106.6666667,16.80541207,,,NaN,NaN,NaN
U008,TNF-α,H02,10,1,,194,194,169,168.6666667,24.9951174,,,0.004293781,NaN,NaN
U008,TNF-α,H03,10,1,,192,192,169,168.6666667,24.9951174,,,0.002354196,NaN,NaN
U008,TNF-α,H04,10,1,,120,120,169,168.6666667,24.9951174,,,NaN,NaN,NaN
U009,GM-CSF,A05,1,1,,1913101,1913101,1913101,1913101,NaN,,,4587.142645,4587.142645,NaN
U009,IFN-γ,A05,2,1,,1571772,1571772,1571772,1571772,NaN,,,25791.54323,25791.54323,NaN
U009,IL-10,A05,8,1,,1300599,1300599,1300599,1300599,NaN,,,6229.334842,6229.334842,NaN
U009,IL-1β,A05,3,1,,1918280,1918280,1918280,1918280,NaN,,,3914.689763,3914.689763,NaN
U009,IL-2,A05,4,1,,1243027,1243027,1243027,1243027,NaN,,,5586.200834,5586.200834,NaN
U009,IL-4,A05,5,1,,1492255,1492255,1492255,1492255,NaN,,,942.9552349,942.9552349,NaN
U009,IL-5,A05,6,1,,1536086,1536086,1536086,1536086,NaN,,,3379.900877,3379.900877,NaN
U009,IL-6,A05,7,1,,1969157,1969157,1969157,1969157,NaN,,,3426.691227,3426.691227,NaN
U009,MCP-1,A05,9,1,,1531095,1531095,1531095,1531095,NaN,,,NaN,NaN,NaN
U009,TNF-α,A05,10,1,,1802668,1802668,1802668,1802668,NaN,,,2550.962771,2550.962771,NaN
U010,GM-CSF,A06,1,1,,1969109,1969109,1969109,1969109,NaN,,,5097.343653,5097.343653,NaN
U010,IFN-γ,A06,2,1,,1636845,1636845,1636845,1636845,NaN,,,26817.56827,26817.56827,NaN
U010,IL-10,A06,8,1,,1266196,1266196,1266196,1266196,NaN,,,5488.234342,5488.234342,NaN
U010,IL-1β,A06,3,1,,1941693,1941693,1941693,1941693,NaN,,,4081.255708,4081.255708,NaN
U010,IL-2,A06,4,1,,1283034,1283034,1283034,1283034,NaN,,,5770.140738,5770.140738,NaN
U010,IL-4,A06,5,1,,1496454,1496454,1496454,1496454,NaN,,,947.7571849,947.7571849,NaN
U010,IL-5,A06,6,1,,1543676,1543676,1543676,1543676,NaN,,,3403.360276,3403.360276,NaN
U010,IL-6,A06,7,1,,1982148,1982148,1982148,1982148,NaN,,,3448.389644,3448.389644,NaN
U010,MCP-1,A06,9,1,,1459016,1459016,1459016,1459016,NaN,,,NaN,NaN,NaN
U010,TNF-α,A06,10,1,,1761802,1761802,1761802,1761802,NaN,,,2469.049405,2469.049405,NaN
U011,GM-CSF,A07,1,1,,1883797,1883797,1883797,1883797,NaN,,,4349.790455,4349.790455,NaN
U011,IFN-γ,A07,2,1,,1526659,1526659,1526659,1526659,NaN,,,25079.30543,25079.30543,NaN
U011,IL-10,A07,8,1,,1249989,1249989,1249989,1249989,NaN,,,5186.033514,5186.033514,NaN
U011,IL-1β,A07,3,1,,1889912,1889912,1889912,1889912,NaN,,,3726.131781,3726.131781,NaN
U011,IL-2,A07,4,1,,1280531,1280531,1280531,1280531,NaN,,,5758.623955,5758.623955,NaN
U011,IL-4,A07,5,1,,1478220,1478220,1478220,1478220,NaN,,,927.0694491,927.0694491,NaN
U011,IL-5,A07,6,1,,1540752,1540752,1540752,1540752,NaN,,,3394.311977,3394.311977,NaN
U011,IL-6,A07,7,1,,1947565,1947565,1947565,1947565,NaN,,,3390.615385,3390.615385,NaN
U011,MCP-1,A07,9,1,,1513876,1513876,1513876,1513876,NaN,,,NaN,NaN,NaN
U011,TNF-α,A07,10,1,,1815197,1815197,1815197,1815197,NaN,,,2576.396361,2576.396361,NaN
U012,GM-CSF,B05,1,1,,1848564,1848564,1848564,1848564,NaN,,,4087.25347,4087.25347,NaN
U012,IFN-γ,B05,2,1,,573447,573447,573447,573447,NaN,,,9784.504801,9784.504801,NaN
U012,IL-10,B05,8,1,,824945,824945,824945,824945,NaN,,,1618.784395,1618.784395,NaN
U012,IL-1β,B05,3,1,,1599554,1599554,1599554,1599554,NaN,,,2361.984574,2361.984574,NaN
U012,IL-2,B05,4,1,,667721,667721,667721,667721,NaN,,,2972.896607,2972.896607,NaN
U012,IL-4,B05,5,1,,498726,498726,498726,498726,NaN,,,211.8808882,211.8808882,NaN
U012,IL-5,B05,6,1,,1390138,1390138,1390138,1390138,NaN,,,2945.771073,2945.771073,NaN
U012,IL-6,B05,7,1,,1662709,1662709,1662709,1662709,NaN,,,2913.238805,2913.238805,NaN
U012,MCP-1,B05,9,1,,1112906,1112906,1112906,1112906,NaN,,,3618.473861,3618.473861,NaN
U012,TNF-α,B05,10,1,,1314724,1314724,1314724,1314724,NaN,,,1666.156756,1666.156756,NaN
U013,GM-CSF,B06,1,1,,1899288,1899288,1899288,1899288,NaN,,,4472.966787,4472.966787,NaN
U013,IFN-γ,B06,2,1,,631665,631665,631665,631665,NaN,,,10737.37325,10737.37325,NaN
U013,IL-10,B06,8,1,,790003,790003,790003,790003,NaN,,,1486.344948,1486.344948,NaN
U013,IL-1β,B06,3,1,,1632810,1632810,1632810,1632810,NaN,,,2480.448168,2480.448168,NaN
U013,IL-2,B06,4,1,,696930,696930,696930,696930,NaN,,,3104.210355,3104.210355,NaN
U013,IL-4,B06,5,1,,620881,620881,620881,620881,NaN,,,273.2656129,273.2656129,NaN
U013,IL-5,B06,6,1,,1435714,1435714,1435714,1435714,NaN,,,3077.963842,3077.963842,NaN
U013,IL-6,B06,7,1,,1654003,1654003,1654003,1654003,NaN,,,2898.603542,2898.603542,NaN
U013,MCP-1,B06,9,1,,1044945,1044945,1044945,1044945,NaN,,,2758.162173,2758.162173,NaN
U013,TNF-α,B06,10,1,,1286667,1286667,1286667,1286667,NaN,,,1620.847562,1620.847562,NaN
U014,GM-CSF,B07,1,1,,1868189,1868189,1868189,1868189,NaN,,,4230.589575,4230.589575,NaN
U014,IFN-γ,B07,2,1,,599655,599655,599655,599655,NaN,,,10213.89964,10213.89964,NaN
U014,IL-10,B07,8,1,,825315,825315,825315,825315,NaN,,,1620.248235,1620.248235,NaN
U014,IL-1β,B07,3,1,,1632440,1632440,1632440,1632440,NaN,,,2479.089816,2479.089816,NaN
U014,IL-2,B07,4,1,,665799,665799,665799,665799,NaN,,,2964.26077,2964.26077,NaN
U014,IL-4,B07,5,1,,611030,611030,611030,611030,NaN,,,268.1245246,268.1245246,NaN
U014,IL-5,B07,6,1,,1469344,1469344,1469344,1469344,NaN,,,3177.441316,3177.441316,NaN
U014,IL-6,B07,7,1,,1697479,1697479,1697479,1697479,NaN,,,2971.660703,2971.660703,NaN
U014,MCP-1,B07,9,1,,1083074,1083074,1083074,1083074,NaN,,,3188.353129,3188.353129,NaN
U014,TNF-α,B07,10,1,,1294803,1294803,1294803,1294803,NaN,,,1633.930734,1633.930734,NaN
U015,GM-CSF,C05,1,1,,589805,589805,589805,589805,NaN,,,543.720539,543.720539,NaN
U015,IFN-γ,C05,2,1,,102963,102963,102963,102963,NaN,,,1877.738726,1877.738726,NaN
U015,IL-10,C05,8,1,,237168,237168,237168,237168,NaN,,,272.054902,272.054902,NaN
U015,IL-1β,C05,3,1,,418768,418768,418768,418768,NaN,,,341.806559,341.806559,NaN
U015,IL-2,C05,4,1,,123736,123736,123736,123736,NaN,,,549.0866191,549.0866191,NaN
U015,IL-4,C05,5,1,,77477,77477,77477,77477,NaN,,,30.96439322,30.96439322,NaN
U015,IL-5,C05,6,1,,960658,960658,960658,960658,NaN,,,1832.188191,1832.188191,NaN
U015,IL-6,C05,7,1,,324256,324256,324256,324256,NaN,,,608.6705999,608.6705999,NaN
U015,MCP-1,C05,9,1,,457248,457248,457248,457248,NaN,,,586.6961896,586.6961896,NaN
U015,TNF-α,C05,10,1,,286603,286603,286603,286603,NaN,,,297.0089146,297.0089146,NaN
U016,GM-CSF,C06,1,1,,640735,640735,640735,640735,NaN,,,603.2248242,603.2248242,NaN
U016,IFN-γ,C06,2,1,,116472,116472,116472,116472,NaN,,,2114.09796,2114.09796,NaN
U016,IL-10,C06,8,1,,233567,233567,233567,233567,NaN,,,267.2668123,267.2668123,NaN
U016,IL-1β,C06,3,1,,420536,420536,420536,420536,NaN,,,343.3865591,343.3865591,NaN
U016,IL-2,C06,4,1,,130910,130910,130910,130910,NaN,,,580.8698852,580.8698852,NaN
U016,IL-4,C06,5,1,,82854,82854,82854,82854,NaN,,,33.07604897,33.07604897,NaN
U016,IL-5,C06,6,1,,980926,980926,980926,980926,NaN,,,1879.886963,1879.886963,NaN
U016,IL-6,C06,7,1,,346073,346073,346073,346073,NaN,,,647.8105942,647.8105942,NaN
U016,MCP-1,C06,9,1,,439939,439939,439939,439939,NaN,,,560.3142757,560.3142757,NaN
U016,TNF-α,C06,10,1,,293781,293781,293781,293781,NaN,,,304.8481219,304.8481219,NaN
U017,GM-CSF,C07,1,1,,584059,584059,584059,584059,NaN,,,537.1771622,537.1771622,NaN
U017,IFN-γ,C07,2,1,,99319,99319,99319,99319,NaN,,,1813.77824,1813.77824,NaN
U017,IL-10,C07,8,1,,227902,227902,227902,227902,NaN,,,259.7828771,259.7828771,NaN
U017,IL-1β,C07,3,1,,395480,395480,395480,395480,NaN,,,321.1683981,321.1683981,NaN
U017,IL-2,C07,4,1,,121104,121104,121104,121104,NaN,,,537.4257616,537.4257616,NaN
U017,IL-4,C07,5,1,,74987,74987,74987,74987,NaN,,,29.98684182,29.98684182,NaN
U017,IL-5,C07,6,1,,900452,900452,900452,900452,NaN,,,1693.048643,1693.048643,NaN
U017,IL-6,C07,7,1,,311883,311883,311883,311883,NaN,,,586.4237711,586.4237711,NaN
U017,MCP-1,C07,9,1,,425455,425455,425455,425455,NaN,,,538.774678,538.774678,NaN
U017,TNF-α,C07,10,1,,261654,261654,261654,261654,NaN,,,269.9166352,269.9166352,NaN
U018,GM-CSF,D05,1,1,,160049,160049,160049,160049,NaN,,,129.1654932,129.1654932,NaN
U018,IFN-γ,D05,2,1,,37044,37044,37044,37044,NaN,,,701.8500234,701.8500234,NaN
U018,IL-10,D05,8,1,,67055,67055,67055,67055,NaN,,,69.17904049,69.17904049,NaN
U018,IL-1β,D05,3,1,,113061,113061,113061,113061,NaN,,,90.90083237,90.90083237,NaN
U018,IL-2,D05,4,1,,29066,29066,29066,29066,NaN,,,129.1461246,129.1461246,NaN
U018,IL-4,D05,5,1,,20648,20648,20648,20648,NaN,,,8.550611638,8.550611638,NaN
U018,IL-5,D05,6,1,,258275,258275,258275,258275,NaN,,,416.898904,416.898904,NaN
U018,IL-6,D05,7,1,,73604,73604,73604,73604,NaN,,,147.2117287,147.2117287,NaN
U018,MCP-1,D05,9,1,,115464,115464,115464,115464,NaN,,,152.578201,152.578201,NaN
U018,TNF-α,D05,10,1,,69284,69284,69284,69284,NaN,,,68.85655496,68.85655496,NaN
U019,GM-CSF,D06,1,1,,175999,175999,175999,175999,NaN,,,142.4044023,142.4044023,NaN
U019,IFN-γ,D06,2,1,,41093,41093,41093,41093,NaN,,,775.644156,775.644156,NaN
U019,IL-10,D06,8,1,,68212,68212,68212,68212,NaN,,,70.41742076,70.41742076,NaN
U019,IL-1β,D06,3,1,,112151,112151,112151,112151,NaN,,,90.19667732,90.19667732,NaN
U019,IL-2,D06,4,1,,32246,32246,32246,32246,NaN,,,143.2945786,143.2945786,NaN
U019,IL-4,D06,5,1,,22987,22987,22987,22987,NaN,,,9.487262225,9.487262225,NaN
U019,IL-5,D06,6,1,,274810,274810,274810,274810,NaN,,,445.489456,445.489456,NaN
U019,IL-6,D06,7,1,,80892,80892,80892,80892,NaN,,,161.1436222,161.1436222,NaN
U019,MCP-1,D06,9,1,,118169,118169,118169,118169,NaN,,,155.6643579,155.6643579,NaN
U019,TNF-α,D06,10,1,,69084,69084,69084,69084,NaN,,,68.65458218,68.65458218,NaN
U020,GM-CSF,D07,1,1,,169226,169226,169226,169226,NaN,,,136.7681028,136.7681028,NaN
U020,IFN-γ,D07,2,1,,38428,38428,38428,38428,NaN,,,727.1081023,727.1081023,NaN
U020,IL-10,D07,8,1,,69113,69113,69113,69113,NaN,,,71.3829472,71.3829472,NaN
U020,IL-1β,D07,3,1,,108548,108548,108548,108548,NaN,,,87.40895221,87.40895221,NaN
U020,IL-2,D07,4,1,,30617,30617,30617,30617,NaN,,,136.047685,136.047685,NaN
U020,IL-4,D07,5,1,,23819,23819,23819,23819,NaN,,,9.819749937,9.819749937,NaN
U020,IL-5,D07,6,1,,261816,261816,261816,261816,NaN,,,423.0039604,423.0039604,NaN
U020,IL-6,D07,7,1,,77932,77932,77932,77932,NaN,,,155.492129,155.492129,NaN
U020,MCP-1,D07,9,1,,125241,125241,125241,125241,NaN,,,163.7213472,163.7213472,NaN
U020,TNF-α,D07,10,1,,66859,66859,66859,66859,NaN,,,66.40862146,66.40862146,NaN
U021,GM-CSF,E05,1,1,,45627,45627,45627,45627,NaN,,,36.9551185,36.9551185,NaN
U021,IFN-γ,E05,2,1,,17301,17301,17301,17301,NaN,,,336.4678461,336.4678461,NaN
U021,IL-10,E05,8,1,,19538,19538,19538,19538,NaN,,,19.65704733,19.65704733,NaN
U021,IL-1β,E05,3,1,,30699,30699,30699,30699,NaN,,,26.51621185,26.51621185,NaN
U021,IL-2,E05,4,1,,8072,8072,8072,8072,NaN,,,35.47408731,35.47408731,NaN
U021,IL-4,E05,5,1,,6126,6126,6126,6126,NaN,,,2.6278837,2.6278837,NaN
U021,IL-5,E05,6,1,,77174,77174,77174,77174,NaN,,,117.7441177,117.7441177,NaN
U021,IL-6,E05,7,1,,18675,18675,18675,18675,NaN,,,39.48321335,39.48321335,NaN
U021,MCP-1,E05,9,1,,30003,30003,30003,30003,NaN,,,49.89195142,49.89195142,NaN
U021,TNF-α,E05,10,1,,18487,18487,18487,18487,NaN,,,18.03769063,18.03769063,NaN
U022,GM-CSF,E06,1,1,,46746,46746,46746,46746,NaN,,,37.84383879,37.84383879,NaN
U022,IFN-γ,E06,2,1,,17163,17163,17163,17163,NaN,,,333.8696994,333.8696994,NaN
U022,IL-10,E06,8,1,,18513,18513,18513,18513,NaN,,,18.61443047,18.61443047,NaN
U022,IL-1β,E06,3,1,,27646,27646,27646,27646,NaN,,,24.04343823,24.04343823,NaN
U022,IL-2,E06,4,1,,8939,8939,8939,8939,NaN,,,39.35770925,39.35770925,NaN
U022,IL-4,E06,5,1,,5998,5998,5998,5998,NaN,,,2.574225084,2.574225084,NaN
U022,IL-5,E06,6,1,,80526,80526,80526,80526,NaN,,,123.0350527,123.0350527,NaN
U022,IL-6,E06,7,1,,21269,21269,21269,21269,NaN,,,44.74536971,44.74536971,NaN
U022,MCP-1,E06,9,1,,26822,26822,26822,26822,NaN,,,45.56953583,45.56953583,NaN
U022,TNF-α,E06,10,1,,18901,18901,18901,18901,NaN,,,18.44781291,18.44781291,NaN
U023,GM-CSF,E07,1,1,,45453,45453,45453,45453,NaN,,,36.81691765,36.81691765,NaN
U023,IFN-γ,E07,2,1,,16993,16993,16993,16993,NaN,,,330.6679391,330.6679391,NaN
U023,IL-10,E07,8,1,,18674,18674,18674,18674,NaN,,,18.77814034,18.77814034,NaN
U023,IL-1β,E07,3,1,,27815,27815,27815,27815,NaN,,,24.18072601,24.18072601,NaN
U023,IL-2,E07,4,1,,8523,8523,8523,8523,NaN,,,37.49457005,37.49457005,NaN
U023,IL-4,E07,5,1,,5662,5662,5662,5662,NaN,,,2.43314996,2.43314996,NaN
U023,IL-5,E07,6,1,,74302,74302,74302,74302,NaN,,,113.2191887,113.2191887,NaN
U023,IL-6,E07,7,1,,19812,19812,19812,19812,NaN,,,41.79344095,41.79344095,NaN
U023,MCP-1,E07,9,1,,26975,26975,26975,26975,NaN,,,45.77941505,45.77941505,NaN
U023,TNF-α,E07,10,1,,17233,17233,17233,17233,NaN,,,16.79588267,16.79588267,NaN
U024,GM-CSF,F05,1,1,,11198,11198,11198,11198,NaN,,,9.380859151,9.380859151,NaN
U024,IFN-γ,F05,2,1,,8855,8855,8855,8855,NaN,,,175.573706,175.573706,NaN
U024,IL-10,F05,8,1,,5182,5182,5182,5182,NaN,,,5.115503369,5.115503369,NaN
U024,IL-1β,F05,3,1,,6913,6913,6913,6913,NaN,,,6.580477348,6.580477348,NaN
U024,IL-2,F05,4,1,,2476,2476,2476,2476,NaN,,,10.32902316,10.32902316,NaN
U024,IL-4,F05,5,1,,1751,1751,1751,1751,NaN,,,0.756127116,0.756127116,NaN
U024,IL-5,F05,6,1,,25687,25687,25687,25687,NaN,,,37.94425787,37.94425787,NaN
U024,IL-6,F05,7,1,,6036,6036,6036,6036,NaN,,,13.23631846,13.23631846,NaN
U024,MCP-1,F05,9,1,,8047,8047,8047,8047,NaN,,,17.29454862,17.29454862,NaN
U024,TNF-α,F05,10,1,,5458,5458,5458,5458,NaN,,,5.171063742,5.171063742,NaN
U025,GM-CSF,F06,1,1,,10797,10797,10797,10797,NaN,,,9.052723085,9.052723085,NaN
U025,IFN-γ,F06,2,1,,7533,7533,7533,7533,NaN,,,149.9321218,149.9321218,NaN
U025,IL-10,F06,8,1,,4705,4705,4705,4705,NaN,,,4.633359677,4.633359677,NaN
U025,IL-1β,F06,3,1,,4494,4494,4494,4494,NaN,,,4.382005693,4.382005693,NaN
U025,IL-2,F06,4,1,,2717,2717,2717,2717,NaN,,,11.41628887,11.41628887,NaN
U025,IL-4,F06,5,1,,1742,1742,1742,1742,NaN,,,0.752149665,0.752149665,NaN
U025,IL-5,F06,6,1,,26057,26057,26057,26057,NaN,,,38.50600388,38.50600388,NaN
U025,IL-6,F06,7,1,,6473,6473,6473,6473,NaN,,,14.16965616,14.16965616,NaN
U025,MCP-1,F06,9,1,,4821,4821,4821,4821,NaN,,,11.42589475,11.42589475,NaN
U025,TNF-α,F06,10,1,,5191,5191,5191,5191,NaN,,,4.908332119,4.908332119,NaN
U026,GM-CSF,F07,1,1,,11736,11736,11736,11736,NaN,,,9.820530451,9.820530451,NaN
U026,IFN-γ,F07,2,1,,8387,8387,8387,8387,NaN,,,166.515227,166.515227,NaN
U026,IL-10,F07,8,1,,4475,4475,4475,4475,NaN,,,4.400837254,4.400837254,NaN
U026,IL-1β,F07,3,1,,5738,5738,5738,5738,NaN,,,5.52168039,5.52168039,NaN
U026,IL-2,F07,4,1,,2682,2682,2682,2682,NaN,,,11.25842645,11.25842645,NaN
U026,IL-4,F07,5,1,,1741,1741,1741,1741,NaN,,,0.751707669,0.751707669,NaN
U026,IL-5,F07,6,1,,23617,23617,23617,23617,NaN,,,34.80559677,34.80559677,NaN
U026,IL-6,F07,7,1,,6306,6306,6306,6306,NaN,,,13.81332377,13.81332377,NaN
U026,MCP-1,F07,9,1,,5468,5468,5468,5468,NaN,,,12.65618181,12.65618181,NaN
U026,TNF-α,F07,10,1,,4836,4836,4836,4836,NaN,,,4.559081818,4.559081818,NaN
U027,GM-CSF,G05,1,1,,2569,2569,2569,2569,NaN,,,2.186834967,2.186834967,NaN
U027,IFN-γ,G05,2,1,,3902,3902,3902,3902,NaN,,,78.42539047,78.42539047,NaN
U027,IL-10,G05,8,1,,1265,1265,1265,1265,NaN,,,1.147929199,1.147929199,NaN
U027,IL-1β,G05,3,1,,1396,1396,1396,1396,NaN,,,1.402377576,1.402377576,NaN
U027,IL-2,G05,4,1,,1242,1242,1242,1242,NaN,,,4.749045184,4.749045184,NaN
U027,IL-4,G05,5,1,,562,562,562,562,NaN,,,0.219205261,0.219205261,NaN
U027,IL-5,G05,6,1,,13031,13031,13031,13031,NaN,,,18.87871499,18.87871499,NaN
U027,IL-6,G05,7,1,,2837,2837,2837,2837,NaN,,,6.290173873,6.290173873,NaN
U027,MCP-1,G05,9,1,,1972,1972,1972,1972,NaN,,,5.454217766,5.454217766,NaN
U027,TNF-α,G05,10,1,,1773,1773,1773,1773,NaN,,,1.549942834,1.549942834,NaN
U028,GM-CSF,G06,1,1,,2543,2543,2543,2543,NaN,,,2.164419019,2.164419019,NaN
U028,IFN-γ,G06,2,1,,3194,3194,3194,3194,NaN,,,64.21826678,64.21826678,NaN
U028,IL-10,G06,8,1,,1043,1043,1043,1043,NaN,,,0.92173962,0.92173962,NaN
U028,IL-1β,G06,3,1,,846,846,846,846,NaN,,,0.830324733,0.830324733,NaN
U028,IL-2,G06,4,1,,1321,1321,1321,1321,NaN,,,5.107123498,5.107123498,NaN
U028,IL-4,G06,5,1,,518,518,518,518,NaN,,,0.198622931,0.198622931,NaN
U028,IL-5,G06,6,1,,11731,11731,11731,11731,NaN,,,16.94008089,16.94008089,NaN
U028,IL-6,G06,7,1,,2849,2849,2849,2849,NaN,,,6.316733278,6.316733278,NaN
U028,MCP-1,G06,9,1,,686,686,686,686,NaN,,,2.108542663,2.108542663,NaN
U028,TNF-α,G06,10,1,,1573,1573,1573,1573,NaN,,,1.353807095,1.353807095,NaN
U029,GM-CSF,G07,1,1,,2399,2399,2399,2399,NaN,,,2.04010341,2.04010341,NaN
U029,IFN-γ,G07,2,1,,3861,3861,3861,3861,NaN,,,77.60574761,77.60574761,NaN
U029,IL-10,G07,8,1,,1015,1015,1015,1015,NaN,,,0.893185497,0.893185497,NaN
U029,IL-1β,G07,3,1,,947,947,947,947,NaN,,,0.937416364,0.937416364,NaN
U029,IL-2,G07,4,1,,1025,1025,1025,1025,NaN,,,3.764594724,3.764594724,NaN
U029,IL-4,G07,5,1,,503,503,503,503,NaN,,,0.191584909,0.191584909,NaN
U029,IL-5,G07,6,1,,10815,10815,10815,10815,NaN,,,15.57690357,15.57690357,NaN
U029,IL-6,G07,7,1,,2627,2627,2627,2627,NaN,,,5.824528517,5.824528517,NaN
U029,MCP-1,G07,9,1,,1086,1086,1086,1086,NaN,,,3.244151029,3.244151029,NaN
U029,TNF-α,G07,10,1,,1326,1326,1326,1326,NaN,,,1.111667209,1.111667209,NaN
U030,GM-CSF,H05,1,1,,109,109,109,109,NaN,,,NaN,NaN,NaN
U030,IFN-γ,H05,2,1,,180,180,180,180,NaN,,,1.155519957,1.155519957,NaN
U030,IL-10,H05,8,1,,142,142,142,142,NaN,,,NaN,NaN,NaN
U030,IL-1β,H05,3,1,,164,164,164,164,NaN,,,0.051497691,0.051497691,NaN
U030,IL-2,H05,4,1,,177,177,177,177,NaN,,,NaN,NaN,NaN
U030,IL-4,H05,5,1,,177,177,177,177,NaN,,,0.03419552,0.03419552,NaN
U030,IL-5,H05,6,1,,184,184,184,184,NaN,,,0.065997221,0.065997221,NaN
U030,IL-6,H05,7,1,,170,170,170,170,NaN,,,0.137849743,0.137849743,NaN
U030,MCP-1,H05,9,1,,401,401,401,401,NaN,,,1.18559123,1.18559123,NaN
U030,TNF-α,H05,10,1,,207,207,207,207,NaN,,,0.016925606,0.016925606,NaN
U031,GM-CSF,H06,1,1,,129,129,129,129,NaN,,,2.96E-04,2.96E-04,NaN
U031,IFN-γ,H06,2,1,,183,183,183,183,NaN,,,1.226762134,1.226762134,NaN
U031,IL-10,H06,8,1,,165,165,165,165,NaN,,,0.020274621,0.020274621,NaN
U031,IL-1β,H06,3,1,,137,137,137,137,NaN,,,0.013178556,0.013178556,NaN
U031,IL-2,H06,4,1,,243,243,243,243,NaN,,,0.196643492,0.196643492,NaN
U031,IL-4,H06,5,1,,140,140,140,140,NaN,,,0.015130718,0.015130718,NaN
U031,IL-5,H06,6,1,,170,170,170,170,NaN,,,0.047178244,0.047178244,NaN
U031,IL-6,H06,7,1,,156,156,156,156,NaN,,,0.100663681,0.100663681,NaN
U031,MCP-1,H06,9,1,,339,339,339,339,NaN,,,0.960772566,0.960772566,NaN
U031,TNF-α,H06,10,1,,198,198,198,198,NaN,,,0.008177215,0.008177215,NaN
U032,GM-CSF,H07,1,1,,75,75,75,75,NaN,,,NaN,NaN,NaN
U032,IFN-γ,H07,2,1,,143,143,143,143,NaN,,,0.254931754,0.254931754,NaN
U032,IL-10,H07,8,1,,126,126,126,126,NaN,,,NaN,NaN,NaN
U032,IL-1β,H07,3,1,,107,107,107,107,NaN,,,NaN,NaN,NaN
U032,IL-2,H07,4,1,,177,177,177,177,NaN,,,NaN,NaN,NaN
U032,IL-4,H07,5,1,,137,137,137,137,NaN,,,0.013548622,0.013548622,NaN
U032,IL-5,H07,6,1,,170,170,170,170,NaN,,,0.047178244,0.047178244,NaN
U032,IL-6,H07,7,1,,146,146,146,146,NaN,,,0.073717459,0.073717459,NaN
U032,MCP-1,H07,9,1,,323,323,323,323,NaN,,,0.900503267,0.900503267,NaN
U032,TNF-α,H07,10,1,,211,211,211,211,NaN,,,0.020816697,0.020816697,NaN
U033,GM-CSF,A08,1,1,,922,922,671,671.3333333,32.3416907,,,0.742286393,0.514290894,38.39934631
U033,GM-CSF,A09,1,1,,550,550,671,671.3333333,32.3416907,,,0.403981576,0.514290894,38.39934631
U033,GM-CSF,A10,1,1,,542,542,671,671.3333333,32.3416907,,,0.396604714,0.514290894,38.39934631
U033,IFN-γ,A08,2,1,,267478,267478,280483,280482.6667,4.436387974,,,4701.415778,4920.781466,4.2645371
U033,IFN-γ,A09,2,1,,281694,281694,280483,280482.6667,4.436387974,,,4941.327137,4920.781466,4.2645371
U033,IFN-γ,A10,2,1,,292276,292276,280483,280482.6667,4.436387974,,,5119.601483,4920.781466,4.2645371
U033,IL-10,A08,8,1,,419795,419795,436326,436326.3333,3.367659623,,,551.4966821,581.1638311,4.542140109
U033,IL-10,A09,8,1,,447901,447901,436326,436326.3333,3.367659623,,,602.0563954,581.1638311,4.542140109
U033,IL-10,A10,8,1,,441283,441283,436326,436326.3333,3.367659623,,,589.9384156,581.1638311,4.542140109
U033,IL-1β,A08,3,1,,730021,730021,762736,762736.3333,3.941946363,,,655.1921283,693.4454949,5.082289845
U033,IL-1β,A09,3,1,,789158,789158,762736,762736.3333,3.941946363,,,724.5960153,693.4454949,5.082289845
U033,IL-1β,A10,3,1,,769030,769030,762736,762736.3333,3.941946363,,,700.5483412,693.4454949,5.082289845
U033,IL-2,A08,4,1,,579957,579957,596444,596444.3333,3.303644354,,,2579.156128,2653.052278,3.329280797
U033,IL-2,A09,4,1,,591109,591109,596444,596444.3333,3.303644354,,,2629.121152,2653.052278,3.329280797
U033,IL-2,A10,4,1,,618267,618267,596444,596444.3333,3.303644354,,,2750.879554,2653.052278,3.329280797
U033,IL-4,A08,5,1,,631626,631626,666961,666961,4.58891997,,,278.9136616,297.9117464,5.523710612
U033,IL-4,A09,5,1,,684059,684059,666961,666961,4.58891997,,,307.0987497,297.9117464,5.523710612
U033,IL-4,A10,5,1,,685198,685198,666961,666961,4.58891997,,,307.7228277,297.9117464,5.523710612
U033,IL-5,A08,6,1,,1365065,1365065,1375631,1375631.333,0.854281795,,,2874.301838,2904.377837,1.153098806
U033,IL-5,A09,6,1,,1388288,1388288,1375631,1375631.333,0.854281795,,,2940.467654,2904.377837,1.153098806
U033,IL-5,A10,6,1,,1373541,1373541,1375631,1375631.333,0.854281795,,,2898.364019,2904.377837,1.153098806
U033,IL-6,A08,7,1,,662666,662666,682679,682678.6667,2.543095947,,,1206.476012,1241.332375,2.435940983
U033,IL-6,A09,7,1,,693700,693700,682679,682678.6667,2.543095947,,,1260.526797,1241.332375,2.435940983
U033,IL-6,A10,7,1,,691670,691670,682679,682678.6667,2.543095947,,,1256.994317,1241.332375,2.435940983
U033,MCP-1,A08,9,1,,670676,670676,696922,696921.6667,3.399960653,,,991.7905714,1057.093216,5.599819469
U033,MCP-1,A09,9,1,,716740,716740,696922,696921.6667,3.399960653,,,1107.230487,1057.093216,5.599819469
U033,MCP-1,A10,9,1,,703349,703349,696922,696921.6667,3.399960653,,,1072.258588,1057.093216,5.599819469
U033,TNF-α,A08,10,1,,313216,313216,317472,317471.6667,2.197236238,,,326.1741667,330.870037,2.326603409
U033,TNF-α,A09,10,1,,313677,313677,317472,317471.6667,2.197236238,,,326.6818172,330.870037,2.326603409
U033,TNF-α,A10,10,1,,325522,325522,317472,317471.6667,2.197236238,,,339.7541272,330.870037,2.326603409
U034,GM-CSF,B08,1,1,,1701088,1701088,1715185,1715184.667,0.798373688,,,3198.223244,3271.901999,2.196757399
U034,GM-CSF,B09,1,1,,1716030,1716030,1715185,1715184.667,0.798373688,,,3275.655062,3271.901999,2.196757399
U034,GM-CSF,B10,1,1,,1728436,1728436,1715185,1715184.667,0.798373688,,,3341.82769,3271.901999,2.196757399
U034,IFN-γ,B08,2,1,,695,695,825,825.3333333,18.80268611,,,12.60210906,15.38915525,21.52351683
U034,IFN-γ,B09,2,1,,784,784,825,825.3333333,18.80268611,,,14.51430269,15.38915525,21.52351683
U034,IFN-γ,B10,2,1,,997,997,825,825.3333333,18.80268611,,,19.051054,15.38915525,21.52351683
U034,IL-10,B08,8,1,,377725,377725,392143,392143.3333,3.393005588,,,480.0108227,504.1278486,4.423443948
U034,IL-10,B09,8,1,,403948,403948,392143,392143.3333,3.393005588,,,524.0003521,504.1278486,4.423443948
U034,IL-10,B10,8,1,,394757,394757,392143,392143.3333,3.393005588,,,508.3723711,504.1278486,4.423443948
U034,IL-1β,B08,3,1,,664652,664652,689597,689597,3.741991824,,,582.6378939,610.0500597,4.667864669
U034,IL-1β,B09,3,1,,716183,716183,689597,689597,3.741991824,,,639.482877,610.0500597,4.667864669
U034,IL-1β,B10,3,1,,687956,687956,689597,689597,3.741991824,,,608.0294084,610.0500597,4.667864669
U034,IL-2,B08,4,1,,555974,555974,569332,569332,2.927667329,,,2471.768111,2531.584189,2.948633189
U034,IL-2,B09,4,1,,588011,588011,569332,569332,2.927667329,,,2615.23906,2531.584189,2.948633189
U034,IL-2,B10,4,1,,564011,564011,569332,569332,2.927667329,,,2507.745397,2531.584189,2.948633189
U034,IL-4,B08,5,1,,305993,305993,354387,354387,11.98879101,,,124.1916398,145.4322522,12.82958923
U034,IL-4,B09,5,1,,371610,371610,354387,354387,11.98879101,,,152.9281849,145.4322522,12.82958923
U034,IL-4,B10,5,1,,385558,385558,354387,354387,11.98879101,,,159.1769318,145.4322522,12.82958923
U034,IL-5,B08,6,1,,1304808,1304808,1325009,1325009,1.349895158,,,2706.075026,2762.068437,1.795499815
U034,IL-5,B09,6,1,,1338832,1338832,1325009,1325009,1.349895158,,,2800.458051,2762.068437,1.795499815
U034,IL-5,B10,6,1,,1331387,1331387,1325009,1325009,1.349895158,,,2779.672233,2762.068437,1.795499815
U034,IL-6,B08,7,1,,510334,510334,536594,536594.3333,4.247107174,,,939.5297786,985.7375875,4.068088109
U034,IL-6,B09,7,1,,548252,548252,536594,536594.3333,4.247107174,,,1006.254444,985.7375875,4.068088109
U034,IL-6,B10,7,1,,551197,551197,536594,536594.3333,4.247107174,,,1011.42854,985.7375875,4.068088109
U034,MCP-1,B08,9,1,,560643,560643,579475,579474.6667,2.818530372,,,761.5800315,797.5795208,3.914969104
U034,MCP-1,B09,9,1,,588006,588006,579475,579474.6667,2.818530372,,,813.8392387,797.5795208,3.914969104
U034,MCP-1,B10,9,1,,589775,589775,579475,579474.6667,2.818530372,,,817.3192921,797.5795208,3.914969104
U034,TNF-α,B08,10,1,,285519,285519,298106,298106,3.663084807,,,295.8267984,309.5966682,3.858639018
U034,TNF-α,B09,10,1,,303752,303752,298106,298106,3.663084807,,,315.7708746,309.5966682,3.858639018
U034,TNF-α,B10,10,1,,305047,305047,298106,298106,3.663084807,,,317.1923316,309.5966682,3.858639018
U037,GM-CSF,C08,1,1,,1684036,1684036,1664928,1664928.333,1.472080807,,,3112.745037,3022.307034,3.802265947
U037,GM-CSF,C09,1,1,,1637295,1637295,1664928,1664928.333,1.472080807,,,2892.996133,3022.307034,3.802265947
U037,GM-CSF,C10,1,1,,1673454,1673454,1664928,1664928.333,1.472080807,,,3061.179933,3022.307034,3.802265947
U037,IFN-γ,C08,2,1,,197660,197660,201338,201338.3333,1.583942438,,,3515.279745,3578.127265,1.52281315
U037,IFN-γ,C09,2,1,,203027,203027,201338,201338.3333,1.583942438,,,3606.980984,3578.127265,1.52281315
U037,IFN-γ,C10,2,1,,203328,203328,201338,201338.3333,1.583942438,,,3612.121064,3578.127265,1.52281315
U037,IL-10,C08,8,1,,426794,426794,433876,433875.6667,1.682386905,,,563.8686624,576.5853694,2.278432329
U037,IL-10,C09,8,1,,441375,441375,433876,433875.6667,1.682386905,,,590.1059582,576.5853694,2.278432329
U037,IL-10,C10,8,1,,433458,433458,433876,433875.6667,1.682386905,,,575.7814876,576.5853694,2.278432329
U037,IL-1β,C08,3,1,,589,589,641,641.3333333,11.17270205,,,0.551845748,0.609098305,12.84618555
U037,IL-1β,C09,3,1,,723,723,641,641.3333333,11.17270205,,,0.698255808,0.609098305,12.84618555
U037,IL-1β,C10,3,1,,612,612,641,641.3333333,11.17270205,,,0.577193358,0.609098305,12.84618555
U037,IL-2,C08,4,1,,548766,548766,550968,550968.3333,0.424897193,,,2439.510129,2449.365681,0.427721935
U037,IL-2,C09,4,1,,553427,553427,550968,550968.3333,0.424897193,,,2460.368618,2449.365681,0.427721935
U037,IL-2,C10,4,1,,550712,550712,550968,550968.3333,0.424897193,,,2448.218295,2449.365681,0.427721935
U037,IL-4,C08,5,1,,337129,337129,358476,358475.6667,6.041094315,,,137.6952358,147.1300063,6.519713797
U037,IL-4,C09,5,1,,380428,380428,358476,358475.6667,6.041094315,,,156.8727302,147.1300063,6.519713797
U037,IL-4,C10,5,1,,357870,357870,358476,358475.6667,6.041094315,,,146.8220528,147.1300063,6.519713797
U037,IL-5,C08,6,1,,1393982,1393982,1380319,1380319,1.089221334,,,2956.806154,2917.78323,1.469455262
U037,IL-5,C09,6,1,,1364212,1364212,1380319,1380319,1.089221334,,,2871.885812,2917.78323,1.469455262
U037,IL-5,C10,6,1,,1382763,1382763,1380319,1380319,1.089221334,,,2924.657724,2917.78323,1.469455262
U037,IL-6,C08,7,1,,571001,571001,582181,582181,1.733880258,,,1046.192704,1065.791631,1.660256137
U037,IL-6,C09,7,1,,584916,584916,582181,582181,1.733880258,,,1070.589094,1065.791631,1.660256137
U037,IL-6,C10,7,1,,590626,590626,582181,582181,1.733880258,,,1080.593094,1065.791631,1.660256137
U037,MCP-1,C08,9,1,,689377,689377,697736,697736,1.414028129,,,1037.038472,1058.169512,2.369524118
U037,MCP-1,C09,9,1,,695212,695212,697736,697736,1.414028129,,,1051.594615,1058.169512,2.369524118
U037,MCP-1,C10,9,1,,708619,708619,697736,697736,1.414028129,,,1085.875448,1058.169512,2.369524118
U037,TNF-α,C08,10,1,,275304,275304,275627,275626.6667,1.975924034,,,284.7095335,285.0638972,2.075909135
U037,TNF-α,C09,10,1,,270349,270349,275627,275626.6667,1.975924034,,,279.3313745,285.0638972,2.075909135
U037,TNF-α,C10,10,1,,281227,281227,275627,275626.6667,1.975924034,,,291.1507837,285.0638972,2.075909135
U038,GM-CSF,D08,1,1,,1687314,1687314,1673906,1673905.667,0.959064953,,,3128.94512,3064.190441,2.51324423
U038,GM-CSF,D09,1,1,,1656116,1656116,1673906,1673905.667,0.959064953,,,2979.032854,3064.190441,2.51324423
U038,GM-CSF,D10,1,1,,1678287,1678287,1673906,1673905.667,0.959064953,,,3084.593348,3064.190441,2.51324423
U038,IFN-γ,D08,2,1,,214835,214835,222161,222161,3.237703794,,,3808.402451,3933.097864,3.112211256
U038,IFN-γ,D09,2,1,,222435,222435,222161,222161,3.237703794,,,3937.812278,3933.097864,3.112211256
U038,IFN-γ,D10,2,1,,229213,229213,222161,222161,3.237703794,,,4053.078862,3933.097864,3.112211256
U038,IL-10,D08,8,1,,387729,387729,395353,395352.6667,1.670391269,,,496.5763638,509.4174237,2.183574717
U038,IL-10,D09,8,1,,399312,399312,395353,395352.6667,1.670391269,,,516.0886771,509.4174237,2.183574717
U038,IL-10,D10,8,1,,399017,399017,395353,395352.6667,1.670391269,,,515.5872301,509.4174237,2.183574717
U038,IL-1β,D08,3,1,,671716,671716,689012,689012.3333,2.568730986,,,590.2809546,609.2926958,3.201843602
U038,IL-1β,D09,3,1,,707088,707088,689012,689012.3333,2.568730986,,,629.2628253,609.2926958,3.201843602
U038,IL-1β,D10,3,1,,688233,688233,689012,689012.3333,2.568730986,,,608.3343076,609.2926958,3.201843602
U038,IL-2,D08,4,1,,1478,1478,1345,1345,10.28040685,,,5.818314466,5.215726774,12.01281716
U038,IL-2,D09,4,1,,1355,1355,1345,1345,10.28040685,,,5.261186625,5.215726774,12.01281716
U038,IL-2,D10,4,1,,1202,1202,1345,1345,10.28040685,,,4.567679231,5.215726774,12.01281716
U038,IL-4,D08,5,1,,313102,313102,347159,347159,9.057844624,,,127.2544447,142.1773665,9.707340805
U038,IL-4,D09,5,1,,353284,353284,347159,347159,9.057844624,,,144.7947472,142.1773665,9.707340805
U038,IL-4,D10,5,1,,375091,375091,347159,347159,9.057844624,,,154.4829075,142.1773665,9.707340805
U038,IL-5,D08,6,1,,1340812,1340812,1320404,1320404,1.339989736,,,2805.99872,2749.285893,1.788390002
U038,IL-5,D09,6,1,,1311029,1311029,1320404,1320404,1.339989736,,,2723.216202,2749.285893,1.788390002
U038,IL-5,D10,6,1,,1309371,1309371,1320404,1320404,1.339989736,,,2718.642756,2749.285893,1.788390002
U038,IL-6,D08,7,1,,526553,526553,546980,546979.6667,3.276295851,,,968.0950394,1004.004255,3.137720685
U038,IL-6,D09,7,1,,554327,554327,546980,546979.6667,3.276295851,,,1016.926398,1004.004255,3.137720685
U038,IL-6,D10,7,1,,560059,560059,546980,546979.6667,3.276295851,,,1026.991327,1004.004255,3.137720685
U038,MCP-1,D08,9,1,,657243,657243,674809,674808.6667,2.285048944,,,960.5383089,1002.069286,3.641383259
U038,MCP-1,D09,9,1,,686112,686112,674809,674808.6667,2.285048944,,,1028.986519,1002.069286,3.641383259
U038,MCP-1,D10,9,1,,681071,681071,674809,674808.6667,2.285048944,,,1016.68303,1002.069286,3.641383259
U038,TNF-α,D08,10,1,,268076,268076,275812,275812.3333,2.442153503,,,276.867421,285.2676432,2.563889011
U038,TNF-α,D09,10,1,,280375,280375,275812,275812.3333,2.442153503,,,290.2234011,285.2676432,2.563889011
U038,TNF-α,D10,10,1,,278986,278986,275812,275812.3333,2.442153503,,,288.7121077,285.2676432,2.563889011
U039,GM-CSF,E08,1,1,,1647416,1647416,1625170,1625170,1.417077726,,,2938.86712,2840.702314,3.548403558
U039,GM-CSF,E09,1,1,,1626665,1626665,1625170,1625170,1.417077726,,,2845.779941,2840.702314,3.548403558
U039,GM-CSF,E10,1,1,,1601429,1601429,1625170,1625170,1.417077726,,,2737.459881,2840.702314,3.548403558
U039,IFN-γ,E08,2,1,,894,894,789,789,26.18364561,,,16.86353831,14.60149693,30.43462263
U039,IFN-γ,E09,2,1,,922,922,789,789,26.18364561,,,17.45930026,14.60149693,30.43462263
U039,IFN-γ,E10,2,1,,551,551,789,789,26.18364561,,,9.481652225,14.60149693,30.43462263
U039,IL-10,E08,8,1,,317357,317357,352264,352264.3333,8.872654754,,,385.3340059,439.790729,11.11602151
U039,IL-10,E09,8,1,,377655,377655,352264,352264.3333,8.872654754,,,479.8958306,439.790729,11.11602151
U039,IL-10,E10,8,1,,361781,361781,352264,352264.3333,8.872654754,,,454.1423506,439.790729,11.11602151
U039,IL-1β,E08,3,1,,634588,634588,644380,644380,4.145646501,,,550.6170494,561.1708819,5.075448611
U039,IL-1β,E09,3,1,,674608,674608,644380,644380,4.145646501,,,593.4234049,561.1708819,5.075448611
U039,IL-1β,E10,3,1,,623944,623944,644380,644380,4.145646501,,,539.4721915,561.1708819,5.075448611
U039,IL-2,E08,4,1,,511350,511350,507102,507101.6667,1.879185917,,,2272.187174,2253.206309,1.889713977
U039,IL-2,E09,4,1,,513768,513768,507102,507101.6667,1.879185917,,,2282.994108,2253.206309,1.889713977
U039,IL-2,E10,4,1,,496187,496187,507102,507101.6667,1.879185917,,,2204.437645,2253.206309,1.889713977
U039,IL-4,E08,5,1,,630,630,963,962.6666667,68.39128283,,,0.250848335,0.400411855,74.26442841
U039,IL-4,E09,5,1,,1721,1721,963,962.6666667,68.39128283,,,0.742865356,0.400411855,74.26442841
U039,IL-4,E10,5,1,,537,537,963,962.6666667,68.39128283,,,0.207521873,0.400411855,74.26442841
U039,IL-5,E08,6,1,,1385726,1385726,1349390,1349390,2.415123471,,,2933.131091,2830.551042,3.247540391
U039,IL-5,E09,6,1,,1339698,1339698,1349390,1349390,2.415123471,,,2802.880737,2830.551042,3.247540391
U039,IL-5,E10,6,1,,1322746,1322746,1349390,1349390,2.415123471,,,2755.641298,2830.551042,3.247540391
U039,IL-6,E08,7,1,,589241,589241,580065,580064.6667,2.819968032,,,1078.166926,1062.075005,2.700792351
U039,IL-6,E09,7,1,,589774,589774,580065,580064.6667,2.819968032,,,1079.100635,1062.075005,2.700792351
U039,IL-6,E10,7,1,,561179,561179,580065,580064.6667,2.819968032,,,1028.957453,1062.075005,2.700792351
U039,MCP-1,E08,9,1,,582735,582735,609965,609965,4.385755958,,,803.5451367,859.0306988,6.403613152
U039,MCP-1,E09,9,1,,636211,636211,609965,609965,4.385755958,,,913.5504231,859.0306988,6.403613152
U039,MCP-1,E10,9,1,,610949,610949,609965,609965,4.385755958,,,859.9965365,859.0306988,6.403613152
U039,TNF-α,E08,10,1,,241879,241879,238350,238349.6667,1.317167363,,,248.6124244,244.8270699,1.375273746
U039,TNF-α,E09,10,1,,235868,235868,238350,238349.6667,1.317167363,,,242.1660874,244.8270699,1.375273746
U039,TNF-α,E10,10,1,,237302,237302,238350,238349.6667,1.317167363,,,243.702698,244.8270699,1.375273746
U040,GM-CSF,F08,1,1,,483,483,652,652.3333333,23.04253177,,,0.342021546,0.497358891,27.71206227
U040,GM-CSF,F09,1,1,,770,770,652,652.3333333,23.04253177,,,0.605017585,0.497358891,27.71206227
U040,GM-CSF,F10,1,1,,704,704,652,652.3333333,23.04253177,,,0.545037541,0.497358891,27.71206227
U040,IFN-γ,F08,2,1,,168648,168648,182968,182968.3333,8.443582081,,,3017.805425,3263.454867,8.115152407
U040,IFN-γ,F09,2,1,,180916,180916,182968,182968.3333,8.443582081,,,3228.547254,3263.454867,8.115152407
U040,IFN-γ,F10,2,1,,199341,199341,182968,182968.3333,8.443582081,,,3544.011923,3263.454867,8.115152407
U040,IL-10,F08,8,1,,363988,363988,372532,372532,4.203274473,,,457.6847936,471.7248519,5.447956986
U040,IL-10,F09,8,1,,363004,363004,372532,372532,4.203274473,,,456.1038776,471.7248519,5.447956986
U040,IL-10,F10,8,1,,390604,390604,372532,372532,4.203274473,,,501.3858845,471.7248519,5.447956986
U040,IL-1β,F08,3,1,,548482,548482,616312,616312.3333,9.948987381,,,463.1606319,532.5949511,11.82559039
U040,IL-1β,F09,3,1,,632648,632648,616312,616312.3333,9.948987381,,,548.5784123,532.5949511,11.82559039
U040,IL-1β,F10,3,1,,667807,667807,616312,616312.3333,9.948987381,,,586.0458092,532.5949511,11.82559039
U040,IL-2,F08,4,1,,577221,577221,581567,581566.6667,1.5131315,,,2566.900774,2586.370812,1.524320686
U040,IL-2,F09,4,1,,575785,575785,581567,581566.6667,1.5131315,,,2560.468965,2586.370812,1.524320686
U040,IL-2,F10,4,1,,591694,591694,581567,581566.6667,1.5131315,,,2631.742695,2586.370812,1.524320686
U040,IL-4,F08,5,1,,378936,378936,396015,396014.6667,6.514595477,,,156.2038838,163.9555949,7.153585809
U040,IL-4,F09,5,1,,383416,383416,396015,396014.6667,6.514595477,,,158.2139803,163.9555949,7.153585809
U040,IL-4,F10,5,1,,425692,425692,396015,396014.6667,6.514595477,,,177.4489206,163.9555949,7.153585809
U040,IL-5,F08,6,1,,1077,1077,1033,1032.666667,12.1545772,,,1.31529191,1.252526313,14.20652969
U040,IL-5,F09,6,1,,891,891,1033,1032.666667,12.1545772,,,1.051708603,1.252526313,14.20652969
U040,IL-5,F10,6,1,,1130,1130,1033,1032.666667,12.1545772,,,1.390578427,1.252526313,14.20652969
U040,IL-6,F08,7,1,,694415,694415,685894,685893.6667,3.157364633,,,1261.770894,1246.923902,3.024446676
U040,IL-6,F09,7,1,,661273,661273,685894,685893.6667,3.157364633,,,1204.047459,1246.923902,3.024446676
U040,IL-6,F10,7,1,,701993,701993,685894,685893.6667,3.157364633,,,1274.953353,1246.923902,3.024446676
U040,MCP-1,F08,9,1,,497060,497060,575415,575415,12.61877312,,,650.2752127,796.1268567,17.24215279
U040,MCP-1,F09,9,1,,588754,588754,575415,575415,12.61877312,,,815.3091759,796.1268567,17.24215279
U040,MCP-1,F10,9,1,,640431,640431,575415,575415,12.61877312,,,922.7961815,796.1268567,17.24215279
U040,TNF-α,F08,10,1,,266202,266202,273252,273251.6667,3.3630714,,,274.8374806,282.4916341,3.534150085
U040,TNF-α,F09,10,1,,269908,269908,273252,273251.6667,3.3630714,,,278.853171,282.4916341,3.534150085
U040,TNF-α,F10,10,1,,283645,283645,273252,273251.6667,3.3630714,,,293.7842506,282.4916341,3.534150085
U041,GM-CSF,G08,1,1,,1149529,1149529,1329099,1329099,14.34227023,,,1404.28539,1877.225031,28.35531664
U041,GM-CSF,G09,1,1,,1529125,1529125,1329099,1329099,14.34227023,,,2453.668406,1877.225031,28.35531664
U041,GM-CSF,G10,1,1,,1308643,1308643,1329099,1329099,14.34227023,,,1773.721296,1877.225031,28.35531664
U041,IFN-γ,G08,2,1,,83836,83836,121307,121307,31.76053269,,,1540.936199,2195.595385,30.58666333
U041,IFN-γ,G09,2,1,,160811,160811,121307,121307,31.76053269,,,2882.866637,2195.595385,30.58666333
U041,IFN-γ,G10,2,1,,119274,119274,121307,121307,31.76053269,,,2162.983318,2195.595385,30.58666333
U041,IL-10,G08,8,1,,209610,209610,251034,251034.3333,25.63236012,,,236.0148307,293.4587475,30.64329444
U041,IL-10,G09,8,1,,325164,325164,251034,251034.3333,25.63236012,,,397.0921865,293.4587475,30.64329444
U041,IL-10,G10,8,1,,218329,218329,251034,251034.3333,25.63236012,,,247.2692252,293.4587475,30.64329444
U041,IL-1β,G08,3,1,,218088,218088,272598,272598,35.19585641,,,173.1097678,218.4618826,36.51429808
U041,IL-1β,G09,3,1,,383379,383379,272598,272598,35.19585641,,,310.568581,218.4618826,36.51429808
U041,IL-1β,G10,3,1,,216327,216327,272598,272598,35.19585641,,,171.7072988,218.4618826,36.51429808
U041,IL-2,G08,4,1,,504710,504710,535996,535996.3333,5.161244735,,,2242.514978,2382.419209,5.192636841
U041,IL-2,G09,4,1,,557223,557223,535996,535996.3333,5.161244735,,,2477.358563,2382.419209,5.192636841
U041,IL-2,G10,4,1,,546056,546056,535996,535996.3333,5.161244735,,,2427.384086,2382.419209,5.192636841
U041,IL-4,G08,5,1,,143008,143008,235972,235972,36.93988877,,,56.85736894,95.12421071,37.89877537
U041,IL-4,G09,5,1,,315868,315868,235972,235972,36.93988877,,,128.4493473,95.12421071,37.89877537
U041,IL-4,G10,5,1,,249040,249040,235972,235972,36.93988877,,,100.0659159,95.12421071,37.89877537
U041,IL-5,G08,6,1,,943361,943361,1069566,1069566.333,10.96405623,,,1791.826284,2098.93328,13.67175767
U041,IL-5,G09,6,1,,1175165,1175165,1069566,1069566.333,10.96405623,,,2360.239395,2098.93328,13.67175767
U041,IL-5,G10,6,1,,1090173,1090173,1069566,1069566.333,10.96405623,,,2144.73416,2098.93328,13.67175767
U041,IL-6,G08,7,1,,1247,1247,1023,1023.333333,28.68046268,,,2.711870979,2.191374487,31.25072975
U041,IL-6,G09,7,1,,691,691,1023,1023.333333,28.68046268,,,1.415576346,2.191374487,31.25072975
U041,IL-6,G10,7,1,,1132,1132,1023,1023.333333,28.68046268,,,2.446676137,2.191374487,31.25072975
U041,MCP-1,G08,9,1,,78324,78324,218873,218872.6667,63.13682409,,,109.697935,275.3329261,59.90617493
U041,MCP-1,G09,9,1,,354575,354575,218873,218872.6667,63.13682409,,,439.5719223,275.3329261,59.90617493
U041,MCP-1,G10,9,1,,223719,223719,218873,218872.6667,63.13682409,,,276.7289212,275.3329261,59.90617493
U041,TNF-α,G08,10,1,,158418,158418,185429,185429.3333,14.55327223,,,160.3193342,188.7005506,15.05010128
U041,TNF-α,G09,10,1,,212390,212390,185429,185429.3333,14.55327223,,,217.1185465,188.7005506,15.05010128
U041,TNF-α,G10,10,1,,185480,185480,185429,185429.3333,14.55327223,,,188.6637711,188.7005506,15.05010128
U042,GM-CSF,H08,1,1,,994965,994965,899175,899174.6667,11.33518263,,,1111.330841,960.531514,16.35155077
U042,GM-CSF,H09,1,1,,910495,910495,899175,899174.6667,11.33518263,,,972.3848209,960.531514,16.35155077
U042,GM-CSF,H10,1,1,,792064,792064,899175,899174.6667,11.33518263,,,797.8788807,960.531514,16.35155077
U042,IFN-γ,H08,2,1,,82554,82554,84374,84373.66667,2.102459656,,,1518.260063,1550.433726,2.022724803
U042,IFN-γ,H09,2,1,,86098,86098,84374,84373.66667,2.102459656,,,1580.913415,1550.433726,2.022724803
U042,IFN-γ,H10,2,1,,84469,84469,84374,84373.66667,2.102459656,,,1552.1277,1550.433726,2.022724803
U042,IL-10,H08,8,1,,717,717,1154,1154.333333,48.16308363,,,0.5888294,1.034537001,54.72663454
U042,IL-10,H09,8,1,,1780,1780,1154,1154.333333,48.16308363,,,1.671581511,1.034537001,54.72663454
U042,IL-10,H10,8,1,,966,966,1154,1154.333333,48.16308363,,,0.843200092,1.034537001,54.72663454
U042,IL-1β,H08,3,1,,101145,101145,106866,106866.3333,19.34523249,,,81.68151846,86.11079194,18.58403418
U042,IL-1β,H09,3,1,,129798,129798,106866,106866.3333,19.34523249,,,103.8617619,86.11079194,18.58403418
U042,IL-1β,H10,3,1,,89656,89656,106866,106866.3333,19.34523249,,,72.78909549,86.11079194,18.58403418
U042,IL-2,H08,4,1,,380802,380802,406958,406958.3333,5.758418167,,,1689.94755,1806.44176,5.777938526
U042,IL-2,H09,4,1,,414032,414032,406958,406958.3333,5.758418167,,,1837.930978,1806.44176,5.777938526
U042,IL-2,H10,4,1,,426041,426041,406958,406958.3333,5.758418167,,,1891.446753,1806.44176,5.777938526
U042,IL-4,H08,5,1,,136938,136938,155532,155532.3333,10.70278921,,,54.43940254,61.8762021,10.76319126
U042,IL-4,H09,5,1,,169047,169047,155532,155532.3333,10.70278921,,,67.28993789,61.8762021,10.76319126
U042,IL-4,H10,5,1,,160612,160612,155532,155532.3333,10.70278921,,,63.89926587,61.8762021,10.76319126
U042,IL-5,H08,6,1,,770810,770810,850615,850615,8.260960541,,,1405.85563,1582.306068,9.827588712
U042,IL-5,H09,6,1,,903210,903210,850615,850615,8.260960541,,,1699.340482,1582.306068,9.827588712
U042,IL-5,H10,6,1,,877825,877825,850615,850615,8.260960541,,,1641.722093,1582.306068,9.827588712
U042,IL-6,H08,7,1,,425639,425639,435860,435860,2.815500228,,,789.7112971,807.8450097,2.694391653
U042,IL-6,H09,7,1,,449470,449470,435860,435860,2.815500228,,,831.9836026,807.8450097,2.694391653
U042,IL-6,H10,7,1,,432471,432471,435860,435860,2.815500228,,,801.8401295,807.8450097,2.694391653
U042,MCP-1,H08,9,1,,53980,53980,69016,69015.66667,18.91389909,,,80.53646204,98.57362118,15.88450036
U042,MCP-1,H09,9,1,,77451,77451,69016,69015.66667,18.91389909,,,108.6721785,98.57362118,15.88450036
U042,MCP-1,H10,9,1,,75616,75616,69016,69015.66667,18.91389909,,,106.512223,98.57362118,15.88450036
U042,TNF-α,H08,10,1,,130063,130063,125610,125610,20.0670736,,,130.9094862,126.3947003,20.525299
U042,TNF-α,H09,10,1,,148293,148293,125610,125610,20.0670736,,,149.7838682,126.3947003,20.525299
U042,TNF-α,H10,10,1,,98474,98474,125610,125610,20.0670736,,,98.49074656,126.3947003,20.525299
U043,GM-CSF,A11,1,1,,1303034,1303034,1327523,1327523,1.615000624,,,1759.259627,1823.871096,3.103236392
U043,GM-CSF,B11,1,1,,1336626,1336626,1327523,1327523,1.615000624,,,1847.663959,1823.871096,3.103236392
U043,GM-CSF,C11,1,1,,1342909,1342909,1327523,1327523,1.615000624,,,1864.689701,1823.871096,3.103236392
U043,IFN-γ,A11,2,1,,213039,213039,214841,214841.3333,0.830963218,,,3777.79483,3808.507058,0.798727054
U043,IFN-γ,B11,2,1,,216609,216609,214841,214841.3333,0.830963218,,,3838.625283,3808.507058,0.798727054
U043,IFN-γ,C11,2,1,,214876,214876,214841,214841.3333,0.830963218,,,3809.10106,3808.507058,0.798727054
U043,IL-10,A11,8,1,,353966,353966,346209,346208.6667,2.128936407,,,441.6956717,429.5320607,2.686869696
U043,IL-10,B11,8,1,,339298,339298,346209,346208.6667,2.128936407,,,418.7355082,429.5320607,2.686869696
U043,IL-10,C11,8,1,,345362,345362,346209,346208.6667,2.128936407,,,428.165002,429.5320607,2.686869696
U043,IL-1β,A11,3,1,,601535,601535,580201,580200.6667,3.23920038,,,516.3256655,494.7715519,3.836019687
U043,IL-1β,B11,3,1,,572975,572975,580201,580200.6667,3.23920038,,,487.4278398,494.7715519,3.836019687
U043,IL-1β,C11,3,1,,566092,566092,580201,580200.6667,3.23920038,,,480.5611503,494.7715519,3.836019687
U043,IL-2,A11,4,1,,458475,458475,455035,455035,2.98219969,,,2036.081064,2020.742582,2.995581734
U043,IL-2,B11,4,1,,440076,440076,455035,455035,2.98219969,,,1954.015812,2020.742582,2.995581734
U043,IL-2,C11,4,1,,466554,466554,455035,455035,2.98219969,,,2072.130871,2020.742582,2.995581734
U043,IL-4,A11,5,1,,245637,245637,256216,256215.6667,5.104601228,,,98.64651072,103.0788589,5.323260369
U043,IL-4,B11,5,1,,252171,252171,256216,256215.6667,5.104601228,,,101.3739873,103.0788589,5.323260369
U043,IL-4,C11,5,1,,270839,270839,256216,256215.6667,5.104601228,,,109.2160786,103.0788589,5.323260369
U043,IL-5,A11,6,1,,1166090,1166090,1172042,1172042,2.038465477,,,2336.818116,2352.399647,2.628188742
U043,IL-5,B11,6,1,,1151689,1151689,1172042,1172042,2.038465477,,,2299.855475,2352.399647,2.628188742
U043,IL-5,C11,6,1,,1198347,1198347,1172042,1172042,2.038465477,,,2420.525351,2352.399647,2.628188742
U043,IL-6,A11,7,1,,472059,472059,461910,461910,1.922283113,,,871.9655382,854.0080549,1.839674561
U043,IL-6,B11,7,1,,455575,455575,461910,461910,1.922283113,,,842.7974665,854.0080549,1.839674561
U043,IL-6,C11,7,1,,458096,458096,461910,461910,1.922283113,,,847.2611599,854.0080549,1.839674561
U043,MCP-1,A11,9,1,,5016,5016,4893,4892.666667,2.513994175,,,11.80017425,11.56339691,2.043931708
U043,MCP-1,B11,9,1,,4770,4770,4893,4892.666667,2.513994175,,,11.32748073,11.56339691,2.043931708
U043,MCP-1,C11,9,1,,4892,4892,4893,4892.666667,2.513994175,,,11.56253575,11.56339691,2.043931708
U043,TNF-α,A11,10,1,,227524,227524,222827,222827.3333,1.92428217,,,233.240467,228.2302932,2.003894731
U043,TNF-α,B11,10,1,,221836,221836,222827,222827.3333,1.92428217,,,227.1710535,228.2302932,2.003894731
U043,TNF-α,C11,10,1,,219122,219122,222827,222827.3333,1.92428217,,,224.2793592,228.2302932,2.003894731
U044,GM-CSF,D11,1,1,,1686949,1686949,1678667,1678667,1.493612457,,,3127.135887,3088.493775,3.913457835
U044,GM-CSF,E11,1,1,,1650501,1650501,1678667,1678667,1.493612457,,,2953.031003,3088.493775,3.913457835
U044,GM-CSF,F11,1,1,,1698551,1698551,1678667,1678667,1.493612457,,,3185.314436,3088.493775,3.913457835
U044,IFN-γ,D11,2,1,,183413,183413,181769,181768.6667,0.842134794,,,3271.37108,3243.170283,0.809500617
U044,IFN-γ,E11,2,1,,180385,180385,181769,181768.6667,0.842134794,,,3219.43756,3243.170283,0.809500617
U044,IFN-γ,F11,2,1,,181508,181508,181769,181768.6667,0.842134794,,,3238.70221,3243.170283,0.809500617
U044,IL-10,D11,8,1,,355590,355590,348480,348479.6667,2.875549863,,,444.2697745,433.1276231,3.617101292
U044,IL-10,E11,8,1,,352830,352830,348480,348479.6667,2.875549863,,,439.8989028,433.1276231,3.617101292
U044,IL-10,F11,8,1,,337019,337019,348480,348479.6667,2.875549863,,,415.2141921,433.1276231,3.617101292
U044,IL-1β,D11,3,1,,647048,647048,592706,592705.6667,10.20315039,,,563.7896563,508.3102472,12.02453905
U044,IL-1β,E11,3,1,,603513,603513,592706,592705.6667,10.20315039,,,518.3517666,508.3102472,12.02453905
U044,IL-1β,F11,3,1,,527556,527556,592706,592705.6667,10.20315039,,,442.7893188,508.3102472,12.02453905
U044,IL-2,D11,4,1,,534933,534933,539571,539571.3333,2.151802619,,,2377.625168,2398.379313,2.16576672
U044,IL-2,E11,4,1,,552784,552784,539571,539571.3333,2.151802619,,,2457.490927,2398.379313,2.16576672
U044,IL-2,F11,4,1,,530997,530997,539571,539571.3333,2.151802619,,,2360.021842,2398.379313,2.16576672
U044,IL-4,D11,5,1,,270277,270277,288411,288411,10.86965219,,,108.9789013,116.7415824,11.49560465
U044,IL-4,E11,5,1,,270346,270346,288411,288411,10.86965219,,,109.0080172,116.7415824,11.49560465
U044,IL-4,F11,5,1,,324610,324610,288411,288411,10.86965219,,,132.2378286,116.7415824,11.49560465
U044,IL-5,D11,6,1,,1322407,1322407,1331745,1331744.667,1.567247526,,,2754.700578,2780.866137,2.097786328
U044,IL-5,E11,6,1,,1355655,1355655,1331745,1331744.667,1.567247526,,,2847.704707,2780.866137,2.097786328
U044,IL-5,F11,6,1,,1317172,1317172,1331745,1331744.667,1.567247526,,,2740.193126,2780.866137,2.097786328
U044,IL-6,D11,7,1,,447866,447866,442719,442719.3333,3.369285752,,,829.1413932,820.0062432,3.226189401
U044,IL-6,E11,7,1,,425911,425911,442719,442719.3333,3.369285752,,,790.1943344,820.0062432,3.226189401
U044,IL-6,F11,7,1,,454381,454381,442719,442719.3333,3.369285752,,,840.6830022,820.0062432,3.226189401
U044,MCP-1,D11,9,1,,600677,600677,542457,542457,12.4168912,,,839.0530206,733.4280758,16.22238501
U044,MCP-1,E11,9,1,,558009,558009,542457,542457,12.4168912,,,756.6988207,733.4280758,16.22238501
U044,MCP-1,F11,9,1,,468685,468685,542457,542457,12.4168912,,,604.5323862,733.4280758,16.22238501
U044,TNF-α,D11,10,1,,725,725,733,732.6666667,3.333021457,,,0.523021237,0.53052478,4.504768736
U044,TNF-α,E11,10,1,,713,713,733,732.6666667,3.333021457,,,0.511278058,0.53052478,4.504768736
U044,TNF-α,F11,10,1,,760,760,733,732.6666667,3.333021457,,,0.557275046,0.53052478,4.504768736