Well,Cytokine,Signal,My Calculated (pg/mL),MSD Calculated (pg/mL),Difference (%)
A02,GM-CSF,207,0.0490,0.0444,10.28
H02,GM-CSF,113,,,
A03,GM-CSF,1278,1.2747,1.0274,24.08
H03,GM-CSF,1611,1.5792,1.3292,18.81
A04,GM-CSF,4529,3.8718,3.9507,2.00
H04,GM-CSF,5797,4.7589,5.0829,6.37
A05,GM-CSF,18374,12.3015,16.2469,24.28
H05,GM-CSF,21263,13.8641,18.8067,26.28
A06,GM-CSF,74083,38.8202,66.0091,41.19
H06,GM-CSF,84188,43.2153,75.1717,42.51
A07,GM-CSF,270599,120.2466,254.8537,52.82
H07,GM-CSF,304331,134.3231,289.8499,53.66
A08,GM-CSF,1070008,610.2120,1411.8994,56.78
H08,GM-CSF,1143081,689.9852,1568.2142,56.00
A09,GM-CSF,1809801,4117.0733,3927.0348,4.84
H09,GM-CSF,1846757,5377.9544,4142.3522,29.83
A02,IFN-γ,623,2.9801,5.7024,47.74
H02,IFN-γ,165,,,
A03,IFN-γ,651,3.2298,6.3271,48.95
H03,IFN-γ,393,0.5949,0.3390,75.52
A04,IFN-γ,1089,6.7235,15.8125,57.48
H04,IFN-γ,1037,6.3368,14.7065,56.91
A05,IFN-γ,3417,21.2411,63.1265,66.35
H05,IFN-γ,3558,22.0257,65.9117,66.58
A06,IFN-γ,14390,72.7133,270.3193,73.10
H06,IFN-γ,14199,71.9079,266.8124,73.05
A07,IFN-γ,52179,213.2601,937.7905,77.26
H07,IFN-γ,52864,215.6281,949.5849,77.29
A08,IFN-γ,237392,837.8347,3986.0122,78.98
H08,IFN-γ,242445,855.9299,4066.8568,78.95
A09,IFN-γ,1059190,17036.1035,16587.4224,2.70
H09,IFN-γ,1002274,11224.2949,15735.8593,28.67
A02,IL-10,606,0.3206,0.2618,22.46
H02,IL-10,273,,,
A03,IL-10,806,0.6810,0.5386,26.43
H03,IL-10,675,0.4509,0.3583,25.85
A04,IL-10,1804,2.1626,1.8583,16.38
H04,IL-10,1886,2.2737,1.9643,15.75
A05,IL-10,6855,8.0841,8.1668,1.01
H05,IL-10,7416,8.6808,8.8523,1.94
A06,IL-10,26007,26.3569,31.1356,15.35
H06,IL-10,26859,27.1153,32.1501,15.66
A07,IL-10,98680,87.7884,119.9442,26.81
H07,IL-10,103299,91.6820,125.8315,27.14
A08,IL-10,335074,328.4024,485.3594,32.34
H08,IL-10,343984,340.1763,502.5089,32.30
A09,IL-10,769096,2168.1290,2026.3759,7.00
H09,IL-10,780459,2357.8720,2104.4514,12.04
A02,IL-1β,887,0.5061,0.4412,14.70
H02,IL-1β,195,,,
A03,IL-1β,1360,1.1496,1.0476,9.74
H03,IL-1β,683,0.1573,0.1765,10.86
A04,IL-1β,2149,2.0607,2.0489,0.58
H04,IL-1β,2116,2.0249,2.0072,0.88
A05,IL-1β,7362,6.8052,8.5674,20.57
H05,IL-1β,7459,6.8841,8.6879,20.76
A06,IL-1β,29935,22.4375,36.4528,38.45
H06,IL-1β,30162,22.5799,36.7329,38.53
A07,IL-1β,111113,68.3208,137.9217,50.46
H07,IL-1β,106123,65.6322,131.5852,50.12
A08,IL-1β,417213,245.3337,561.6861,56.32
H08,IL-1β,412734,242.3499,554.9130,56.33
A09,IL-1β,1264883,2610.7075,2330.2792,12.03
H09,IL-1β,1186955,1806.7974,2112.9621,14.49
A02,IL-2,421,0.8694,0.9576,9.21
H02,IL-2,141,,,
A03,IL-2,411,0.8042,0.8997,10.62
H03,IL-2,179,,,
A04,IL-2,439,0.9833,1.0611,7.32
H04,IL-2,349,0.3495,0.5337,34.52
A05,IL-2,856,3.0910,3.3302,7.18
H05,IL-2,982,3.6346,3.9880,8.86
A06,IL-2,3151,11.1528,14.6052,23.64
H06,IL-2,3745,12.9318,17.3907,25.64
A07,IL-2,11944,33.8444,53.9578,37.28
H07,IL-2,13807,38.1418,62.0069,38.49
A08,IL-2,50561,117.1733,216.0757,45.77
H08,IL-2,57538,132.5087,245.1535,45.95
A09,IL-2,188551,632.9635,826.8543,23.45
H09,IL-2,239755,1331.8793,1083.2198,22.96
A02,IL-4,188,0.0181,0.0147,22.50
H02,IL-4,94,,,
A03,IL-4,786,0.2843,0.2030,40.08
H03,IL-4,829,0.2995,0.2164,38.36
A04,IL-4,2572,0.8112,0.7619,6.46
H04,IL-4,2776,0.8638,0.8257,4.61
A05,IL-4,10177,2.4407,3.1362,22.18
H05,IL-4,10745,2.5473,3.3135,23.13
A06,IL-4,39995,7.1656,12.5048,42.70
H06,IL-4,40060,7.1748,12.5254,42.72
A07,IL-4,154084,21.4840,49.8603,56.91
H07,IL-4,154892,21.5799,50.1344,56.96
A08,IL-4,605506,81.9822,229.3021,64.25
H08,IL-4,597286,80.6169,225.4786,64.25
A09,IL-4,1379072,480.1321,745.4514,35.59
H09,IL-4,1474619,764.7242,841.8359,9.16
A02,IL-5,577,0.8153,0.7016,16.21
H02,IL-5,141,,,
A03,IL-5,523,0.6549,0.5571,17.56
H03,IL-5,395,0.2037,0.2029,0.35
A04,IL-5,1133,2.1624,2.1214,1.93
H04,IL-5,1067,2.0190,1.9570,3.17
A05,IL-5,4003,7.1376,8.8802,19.62
H05,IL-5,4145,7.3515,9.2037,20.12
A06,IL-5,17283,23.5147,37.6995,37.63
H06,IL-5,16103,22.2213,35.2055,36.88
A07,IL-5,61651,65.7172,128.9589,49.04
H07,IL-5,59964,64.2267,125.5233,48.83
A08,IL-5,246308,229.3213,518.6034,55.78
H08,IL-5,241288,224.4686,507.4277,55.76
A09,IL-5,836216,2492.5170,2282.3882,9.21
H09,IL-5,791590,1825.2657,2104.6441,13.27
A02,IL-6,1605,1.5762,3.1258,49.58
H02,IL-6,744,,,
A03,IL-6,1555,1.4958,2.9410,49.14
H03,IL-6,521,,,
A04,IL-6,928,0.2899,0.2043,41.94
H04,IL-6,762,,,
A05,IL-6,1957,2.1122,4.3708,51.68
H05,IL-6,1966,2.1253,4.4016,51.71
A06,IL-6,6671,7.5858,17.8003,57.38
H06,IL-6,6970,7.8862,18.5606,57.51
A07,IL-6,27024,24.6682,62.4301,60.49
H07,IL-6,29395,26.4429,67.1366,60.61
A08,IL-6,130007,96.0291,243.7759,60.61
H08,IL-6,134248,99.0303,250.8270,60.52
A09,IL-6,586864,1181.4035,1065.1233,10.92
H09,IL-6,579611,1106.4040,1049.8953,5.38
A02,MCP-1,45973,73.7967,83.0359,11.13
H02,MCP-1,9680,,,
A03,MCP-1,26348,37.3045,46.1783,19.22
H03,MCP-1,5076,,,
A04,MCP-1,15126,13.7932,16.7986,17.89
H04,MCP-1,5588,,,
A05,MCP-1,13071,8.8546,8.4277,5.07
H05,MCP-1,8629,,,
A06,MCP-1,28182,40.8744,50.0768,18.38
H06,MCP-1,25636,35.9048,44.6245,19.54
A07,MCP-1,109654,184.3009,176.6489,4.33
H07,MCP-1,110922,186.4937,178.3696,4.55
A08,MCP-1,385905,768.8902,585.8283,31.25
H08,MCP-1,401049,811.7347,614.7332,32.05
A09,MCP-1,775936,3278.5805,3074.2173,6.65
H09,MCP-1,831302,4425.4953,7186.5424,38.42
A02,TNF-α,1222,1.2470,1.3845,9.93
H02,TNF-α,256,,,
A03,TNF-α,580,0.1715,0.1576,8.86
H03,TNF-α,505,,,
A04,TNF-α,1175,1.1816,1.3010,9.18
H04,TNF-α,1095,1.0676,1.1574,7.76
A05,TNF-α,4081,4.3860,5.9818,26.68
H05,TNF-α,4223,4.5207,6.1969,27.05
A06,TNF-α,17749,14.9159,24.9456,40.21
H06,TNF-α,15813,13.5891,22.3837,39.29
A07,TNF-α,62536,41.3339,80.7280,48.80
H07,TNF-α,61962,41.0211,80.0342,48.75
A08,TNF-α,269475,152.8145,332.0896,53.98
H08,TNF-α,246720,139.6849,303.4646,53.97
A09,TNF-α,940177,1709.0847,1494.0265,14.39
H09,TNF-α,867425,1114.7088,1322.7672,15.73