Well,Cytokine,Signal,Calculated Concentration (pg/mL),Source Plate,Notes
A02,GM-CSF,207,0.0801,E3P6,
H02,GM-CSF,113,0.0010,E3P6,
A03,GM-CSF,1278,0.9676,E3P6,Standard (Known: 1.13 pg/mL)
H03,GM-CSF,1611,1.2422,E3P6,Standard (Known: 1.13 pg/mL)
A04,GM-CSF,4529,3.6396,E3P6,Standard (Known: 4.51 pg/mL)
H04,GM-CSF,5797,4.6793,E3P6,Standard (Known: 4.51 pg/mL)
A05,GM-CSF,18374,14.9902,E3P6,Standard (Known: 18.05 pg/mL)
H05,GM-CSF,21263,17.3635,E3P6,Standard (Known: 18.05 pg/mL)
A06,GM-CSF,74083,61.3940,E3P6,Standard (Known: 72.19 pg/mL)
H06,GM-CSF,84188,69.9776,E3P6,Standard (Known: 72.19 pg/mL)
A07,GM-CSF,270599,239.4452,E3P6,Standard (Known: 288.75 pg/mL)
H07,GM-CSF,304331,272.6258,E3P6,Standard (Known: 288.75 pg/mL)
A08,GM-CSF,1070008,1352.6231,E3P6,Standard (Known: 1155 pg/mL)
H08,GM-CSF,1143081,1505.0600,E3P6,Standard (Known: 1155 pg/mL)
A09,GM-CSF,1809801,3855.0935,E3P6,Standard (Known: 4620 pg/mL)
H09,GM-CSF,1846757,4074.1027,E3P6,Standard (Known: 4620 pg/mL)
A02,IFN-γ,623,8.8169,E3P6,
H02,IFN-γ,165,0.2526,E3P6,
A03,IFN-γ,651,9.3308,E3P6,Standard (Known: 3.92 pg/mL)
H03,IFN-γ,393,4.5681,E3P6,Standard (Known: 3.92 pg/mL)
A04,IFN-γ,1089,17.3087,E3P6,Standard (Known: 15.67 pg/mL)
H04,IFN-γ,1037,16.3663,E3P6,Standard (Known: 15.67 pg/mL)
A05,IFN-γ,3417,58.8443,E3P6,Standard (Known: 62.70 pg/mL)
H05,IFN-γ,3558,61.3340,E3P6,Standard (Known: 62.70 pg/mL)
A06,IFN-γ,14390,249.1833,E3P6,Standard (Known: 250.78 pg/mL)
H06,IFN-γ,14199,245.9069,E3P6,Standard (Known: 250.78 pg/mL)
A07,IFN-γ,52179,887.2836,E3P6,Standard (Known: 1003.13 pg/mL)
H07,IFN-γ,52864,898.7313,E3P6,Standard (Known: 1003.13 pg/mL)
A08,IFN-γ,237392,3925.8438,E3P6,Standard (Known: 4012.5 pg/mL)
H08,IFN-γ,242445,4007.7949,E3P6,Standard (Known: 4012.5 pg/mL)
A09,IFN-γ,1059190,17025.4046,E3P6,Standard (Known: 16050 pg/mL)
H09,IFN-γ,1002274,16127.0810,E3P6,Standard (Known: 16050 pg/mL)
A02,IL-10,606,0.4613,2BOANACS77,
H02,IL-10,273,0.1399,2BOANACS77,
A03,IL-10,806,0.6577,2BOANACS77,Standard (Known: 0.49 pg/mL)
H03,IL-10,675,0.5289,2BOANACS77,Standard (Known: 0.49 pg/mL)
A04,IL-10,1804,1.6554,2BOANACS77,Standard (Known: 1.97 pg/mL)
H04,IL-10,1886,1.7383,2BOANACS77,Standard (Known: 1.97 pg/mL)
A05,IL-10,6855,6.8860,2BOANACS77,Standard (Known: 7.87 pg/mL)
H05,IL-10,7416,7.4775,2BOANACS77,Standard (Known: 7.87 pg/mL)
A06,IL-10,26007,27.7238,2BOANACS77,Standard (Known: 31.48 pg/mL)
H06,IL-10,26859,28.6752,2BOANACS77,Standard (Known: 31.48 pg/mL)
A07,IL-10,98680,114.3599,2BOANACS77,Standard (Known: 125.94 pg/mL)
H07,IL-10,103299,120.2184,2BOANACS77,Standard (Known: 125.94 pg/mL)
A08,IL-10,335074,473.0773,2BOANACS77,Standard (Known: 503.75 pg/mL)
H08,IL-10,343984,489.2949,2BOANACS77,Standard (Known: 503.75 pg/mL)
A09,IL-10,769096,1650.2782,2BOANACS77,Standard (Known: 2015 pg/mL)
H09,IL-10,780459,1696.8330,2BOANACS77,Standard (Known: 2015 pg/mL)
A02,IL-1β,887,0.6644,E3P6,
H02,IL-1β,195,0.0103,E3P6,
A03,IL-1β,1360,1.1233,E3P6,Standard (Known: 0.54 pg/mL)
H03,IL-1β,683,0.4684,E3P6,Standard (Known: 0.54 pg/mL)
A04,IL-1β,2149,1.8973,E3P6,Standard (Known: 2.17 pg/mL)
H04,IL-1β,2116,1.8647,E3P6,Standard (Known: 2.17 pg/mL)
A05,IL-1β,7362,7.1307,E3P6,Standard (Known: 8.67 pg/mL)
H05,IL-1β,7459,7.2293,E3P6,Standard (Known: 8.67 pg/mL)
A06,IL-1β,29935,30.6251,E3P6,Standard (Known: 34.69 pg/mL)
H06,IL-1β,30162,30.8654,E3P6,Standard (Known: 34.69 pg/mL)
A07,IL-1β,111113,119.7562,E3P6,Standard (Known: 138.75 pg/mL)
H07,IL-1β,106123,114.1182,E3P6,Standard (Known: 138.75 pg/mL)
A08,IL-1β,417213,500.4269,E3P6,Standard (Known: 555 pg/mL)
H08,IL-1β,412734,494.3555,E3P6,Standard (Known: 555 pg/mL)
A09,IL-1β,1264883,1998.7072,E3P6,Standard (Known: 2220 pg/mL)
H09,IL-1β,1186955,1825.1009,E3P6,Standard (Known: 2220 pg/mL)
A02,IL-2,421,1.1906,E3P6,
H02,IL-2,141,N/A,E3P6,Signal below detection limit
A03,IL-2,411,1.1474,E3P6,Standard (Known: 0.23 pg/mL)
H03,IL-2,179,0.1360,E3P6,Standard (Known: 0.23 pg/mL)
A04,IL-2,439,1.2683,E3P6,Standard (Known: 0.92 pg/mL)
H04,IL-2,349,0.8790,E3P6,Standard (Known: 0.92 pg/mL)
A05,IL-2,856,3.0580,E3P6,Standard (Known: 3.69 pg/mL)
H05,IL-2,982,3.5958,E3P6,Standard (Known: 3.69 pg/mL)
A06,IL-2,3151,12.7620,E3P6,Standard (Known: 14.77 pg/mL)
H06,IL-2,3745,15.2547,E3P6,Standard (Known: 14.77 pg/mL)
A07,IL-2,11944,49.3447,E3P6,Standard (Known: 59.06 pg/mL)
H07,IL-2,13807,57.0414,E3P6,Standard (Known: 59.06 pg/mL)
A08,IL-2,50561,207.4226,E3P6,Standard (Known: 236.25 pg/mL)
H08,IL-2,57538,235.7894,E3P6,Standard (Known: 236.25 pg/mL)
A09,IL-2,188551,764.4870,E3P6,Standard (Known: 945 pg/mL)
H09,IL-2,239755,970.0870,E3P6,Standard (Known: 945 pg/mL)
A02,IL-4,188,0.0317,E3P6,
H02,IL-4,94,0.0004,E3P6,
A03,IL-4,786,0.2299,E3P6,Standard (Known: 0.20 pg/mL)
H03,IL-4,829,0.2442,E3P6,Standard (Known: 0.20 pg/mL)
A04,IL-4,2572,0.8219,E3P6,Standard (Known: 0.81 pg/mL)
H04,IL-4,2776,0.8895,E3P6,Standard (Known: 0.81 pg/mL)
A05,IL-4,10177,3.3469,E3P6,Standard (Known: 3.22 pg/mL)
H05,IL-4,10745,3.5358,E3P6,Standard (Known: 3.22 pg/mL)
A06,IL-4,39995,13.3455,E3P6,Standard (Known: 12.89 pg/mL)
H06,IL-4,40060,13.3675,E3P6,Standard (Known: 12.89 pg/mL)
A07,IL-4,154084,53.2321,E3P6,Standard (Known: 51.56 pg/mL)
H07,IL-4,154892,53.5243,E3P6,Standard (Known: 51.56 pg/mL)
A08,IL-4,605506,242.2119,E3P6,Standard (Known: 206.25 pg/mL)
H08,IL-4,597286,238.2381,E3P6,Standard (Known: 206.25 pg/mL)
A09,IL-4,1379072,757.0050,E3P6,Standard (Known: 825 pg/mL)
H09,IL-4,1474619,848.5093,E3P6,Standard (Known: 825 pg/mL)
A02,IL-5,577,0.7792,2BOANACS77,
H02,IL-5,141,0.0034,2BOANACS77,
A03,IL-5,523,0.6815,2BOANACS77,Standard (Known: 0.52 pg/mL)
H03,IL-5,395,0.4512,2BOANACS77,Standard (Known: 0.52 pg/mL)
A04,IL-5,1133,1.7940,2BOANACS77,Standard (Known: 2.09 pg/mL)
H04,IL-5,1067,1.6728,2BOANACS77,Standard (Known: 2.09 pg/mL)
A05,IL-5,4003,7.1462,2BOANACS77,Standard (Known: 8.36 pg/mL)
H05,IL-5,4145,7.4137,2BOANACS77,Standard (Known: 8.36 pg/mL)
A06,IL-5,17283,32.6298,2BOANACS77,Standard (Known: 33.44 pg/mL)
H06,IL-5,16103,30.3392,2BOANACS77,Standard (Known: 33.44 pg/mL)
A07,IL-5,61651,120.7121,2BOANACS77,Standard (Known: 133.75 pg/mL)
H07,IL-5,59964,117.3079,2BOANACS77,Standard (Known: 133.75 pg/mL)
A08,IL-5,246308,512.2408,2BOANACS77,Standard (Known: 535 pg/mL)
H08,IL-5,241288,501.1399,2BOANACS77,Standard (Known: 535 pg/mL)
A09,IL-5,836216,1998.9249,2BOANACS77,Standard (Known: 2140 pg/mL)
H09,IL-5,791590,1872.7890,2BOANACS77,Standard (Known: 2140 pg/mL)
A02,IL-6,1605,3.6728,2BOANACS77,
H02,IL-6,744,1.5893,2BOANACS77,
A03,IL-6,1555,3.5547,2BOANACS77,Standard (Known: 0.25 pg/mL) - High error
H03,IL-6,521,1.0234,2BOANACS77,Standard (Known: 0.25 pg/mL) - High error
A04,IL-6,928,2.0455,2BOANACS77,Standard (Known: 1.02 pg/mL)
H04,IL-6,762,1.6343,2BOANACS77,Standard (Known: 1.02 pg/mL)
A05,IL-6,1957,4.4974,2BOANACS77,Standard (Known: 4.06 pg/mL)
H05,IL-6,1966,4.5184,2BOANACS77,Standard (Known: 4.06 pg/mL)
A06,IL-6,6671,14.9279,2BOANACS77,Standard (Known: 16.25 pg/mL)
H06,IL-6,6970,15.5668,2BOANACS77,Standard (Known: 16.25 pg/mL)
A07,IL-6,27024,56.0979,2BOANACS77,Standard (Known: 65 pg/mL)
H07,IL-6,29395,60.7122,2BOANACS77,Standard (Known: 65 pg/mL)
A08,IL-6,130007,244.7426,2BOANACS77,Standard (Known: 260 pg/mL)
H08,IL-6,134248,252.2127,2BOANACS77,Standard (Known: 260 pg/mL)
A09,IL-6,586864,1004.9351,2BOANACS77,Standard (Known: 1040 pg/mL)
H09,IL-6,579611,993.2741,2BOANACS77,Standard (Known: 1040 pg/mL)
A02,MCP-1,45973,79.1921,E3P6,High error - Plate may need recalibration
H02,MCP-1,9680,19.0214,E3P6,High error - Plate may need recalibration
A03,MCP-1,26348,47.4749,E3P6,Standard (Known: 0.66 pg/mL) - Very high error
H03,MCP-1,5076,10.5081,E3P6,Standard (Known: 0.66 pg/mL) - Very high error
A04,MCP-1,15126,28.5958,E3P6,Standard (Known: 2.64 pg/mL) - Very high error
H04,MCP-1,5588,11.4843,E3P6,Standard (Known: 2.64 pg/mL) - Very high error
A05,MCP-1,13071,25.0276,E3P6,Standard (Known: 10.55 pg/mL)
H05,MCP-1,8629,17.1220,E3P6,Standard (Known: 10.55 pg/mL)
A06,MCP-1,28182,50.4917,E3P6,Standard (Known: 42.19 pg/mL)
H06,MCP-1,25636,46.2996,E3P6,Standard (Known: 42.19 pg/mL)
A07,MCP-1,109654,179.3083,E3P6,Standard (Known: 168.75 pg/mL)
H07,MCP-1,110922,181.3037,E3P6,Standard (Known: 168.75 pg/mL)
A08,MCP-1,385905,665.1078,E3P6,Standard (Known: 675 pg/mL)
H08,MCP-1,401049,696.2227,E3P6,Standard (Known: 675 pg/mL)
A09,MCP-1,775936,1759.7602,E3P6,Standard (Known: 2700 pg/mL)
H09,MCP-1,831302,1992.3486,E3P6,Standard (Known: 2700 pg/mL)
A02,TNF-α,1222,1.2378,E3P6,
H02,TNF-α,256,0.0450,E3P6,
A03,TNF-α,580,0.4490,E3P6,Standard (Known: 0.33 pg/mL)
H03,TNF-α,505,0.3561,E3P6,Standard (Known: 0.33 pg/mL)
A04,TNF-α,1175,1.1803,E3P6,Standard (Known: 1.32 pg/mL)
H04,TNF-α,1095,1.0823,E3P6,Standard (Known: 1.32 pg/mL)
A05,TNF-α,4081,4.7045,E3P6,Standard (Known: 5.29 pg/mL)
H05,TNF-α,4223,4.8757,E3P6,Standard (Known: 5.29 pg/mL)
A06,TNF-α,17749,21.0571,E3P6,Standard (Known: 21.17 pg/mL)
H06,TNF-α,15813,18.7495,E3P6,Standard (Known: 21.17 pg/mL)
A07,TNF-α,62536,74.3744,E3P6,Standard (Known: 84.69 pg/mL)
H07,TNF-α,61962,73.6897,E3P6,Standard (Known: 84.69 pg/mL)
A08,TNF-α,269475,327.5141,E3P6,Standard (Known: 338.75 pg/mL)
H08,TNF-α,246720,298.9534,E3P6,Standard (Known: 338.75 pg/mL)
A09,TNF-α,940177,1275.3797,E3P6,Standard (Known: 1355 pg/mL)
H09,TNF-α,867425,1161.2069,E3P6,Standard (Known: 1355 pg/mL)

